Source,Trade Time,Effective Date,Expiration Date,Effective Bucket,Expiration Bucket,Tenor,Currency,Rates,Notionals,Frequency,Action Type,Event Type,Asset Class,UPI Underlier Name,Unique Product Identifier,Dissemination Identifier,Original Dissemination Identifier,Other Payment Type,Package Indicator,Floating Rate Payment Frequency Period Leg2,Floating Rate Payment Frequency Period Multiplier Leg2,Fixed Rate Payment Frequency Period Leg1,Fixed Rate Payment Frequency Period Multiplier Leg1,Created At,Updated At
CFTC,2025-10-03T04:14:03Z,2025-10-06,2026-04-06,Spot,6M,0.49828884325804246,INR,0.054,"46,000,000,000",,NEWT,TRAD,IR,INR-MIBOR-OIS Compound,QZB883814F13,1754420599,,,false,MNTH,12,MNTH,12,2025-10-03T12:48:23.222708,2025-10-03T12:48:23.222708
CFTC,2025-10-03T04:45:48Z,2025-10-07,2035-10-07,Spot,10Y,9.998631074606434,AUD,0.042745,"11,000,000",,NEWT,TRAD,IR,AUD-BBSW,QZSP34M4RS41,1754420524,,,false,MNTH,6,MNTH,6,2025-10-03T12:48:23.222708,2025-10-03T12:48:23.222708
CFTC,2025-10-03T04:45:42Z,2025-12-17,2027-12-15,Z5,Z7,1.9931553730321698,AUD,0.03449,"20,000,000",,NEWT,TRAD,IR,AUD-BBR-BBSW,QZ921SM6H5P8,1754420522,,,false,MNTH,3,MNTH,3,2025-10-03T12:48:23.222708,2025-10-03T12:48:23.222708
CFTC,2025-10-03T04:39:28Z,2025-10-06,2030-10-06,Spot,5Y,4.999315537303217,INR,0.0564,"1,000,000,000",,NEWT,TRAD,IR,INR-MIBOR-OIS-COMPOUND,QZVNRZSP6KHF,1754420487,,,false,MNTH,6,MNTH,6,2025-10-03T12:48:23.222708,2025-10-03T12:48:23.222708
CFTC,2025-10-03T03:56:25Z,2030-09-18,2035-09-18,U0,10Y,4.999315537303217,JPY,,"10,000,000,000",,EROR,,IR,JPY-TONA-OIS Compound vs USD-SOFR-OIS Compound,QZR118Q9NWN9,1754420468,1754420437,PEXH;PEXH,false,MNTH,3,,,2025-10-03T12:48:23.222708,2025-10-03T12:48:23.222708
CFTC,2025-10-03T04:43:15Z,2025-10-07,2030-10-07,Spot,5Y,4.999315537303217,JPY,0.0119861,"3,800,000,000",,NEWT,TRAD,IR,JPY-TONA-OIS Compound,QZF08M5TR8H3,1754420465,,,true,YEAR,1,YEAR,1,2025-10-03T12:48:23.222708,2025-10-03T12:48:23.222708
CFTC,2025-10-03T04:43:15Z,2025-10-07,2055-10-07,Spot,2055-10-07,29.998631074606433,JPY,0.0248531,"850,000,000",,NEWT,TRAD,IR,JPY-TONA-OIS Compound,QZF08M5TR8H3,1754420464,,,true,YEAR,1,YEAR,1,2025-10-03T12:48:23.222708,2025-10-03T12:48:23.222708
CFTC,2025-10-03T04:43:15Z,2025-10-07,2035-10-07,Spot,10Y,9.998631074606434,JPY,0.0152406,"4,000,000,000",,NEWT,TRAD,IR,JPY-TONA-OIS Compound,QZF08M5TR8H3,1754420463,,,true,YEAR,1,YEAR,1,2025-10-03T12:48:23.222708,2025-10-03T12:48:23.222708
CFTC,2025-10-03T04:43:00Z,2025-12-17,2035-12-19,Z5,Z5,10.004106776180699,AUD,0.042982,"12,000,000",,NEWT,TRAD,IR,AUD-BBSW,QZSP34M4RS41,1754420452,,,false,MNTH,6,MNTH,6,2025-10-03T12:48:23.222708,2025-10-03T12:48:23.222708
CFTC,2025-10-03T04:42:00Z,2026-02-25,2028-02-25,6M,2028-02-25,1.998631074606434,JPY,0.01058,"32,400,000,000",,NEWT,TRAD,IR,JPY-TONA-OIS-COMPOUND,QZPB438QKTCD,1754420426,,,false,YEAR,1,YEAR,1,2025-10-03T12:48:23.222708,2025-10-03T12:48:23.222708
CFTC,2025-10-03T04:41:27Z,2025-10-07,2035-10-07,Spot,10Y,9.998631074606434,JPY,0.01284,"10,500,000,000",,NEWT,EXER,IR,JPY-TONA-OIS-COMPOUND,QZV61TRS4HD9,1754420396,,,false,YEAR,1,YEAR,1,2025-10-03T12:48:23.222708,2025-10-03T12:48:23.222708
CFTC,2025-10-03T04:26:11Z,2025-10-07,2026-09-07,Spot,1Y,0.917180013689254,USD,0.036046,"1,100,000,000",,NEWT,TRAD,IR,USD-SOFR-OIS Compound,QZPB5VSBGRCD,1754419763,,,true,EXPI,1,EXPI,1,2025-10-03T12:48:23.222708,2025-10-03T12:48:23.222708
CFTC,2025-10-03T04:40:51Z,2025-10-08,2028-02-10,Spot,2028-02-10,2.3408624229979464,USD,0.00464,"15,168,492",,NEWT,TRAD,IR,USD-SOFR-OIS Compound,QZ07PCSJ3GTT,1754420386,,PEXH;PEXH;UFRO;PEXH;PEXH,false,,,,,2025-10-03T12:48:23.222708,2025-10-03T12:48:23.222708
CFTC,2025-10-03T04:36:24Z,2025-10-06,2028-10-06,Spot,3Y,3.0006844626967832,INR,0.05475,"1,600,000,000",,MODI,TRAD,IR,INR-MIBOR-OIS Compound,QZXF4PFZSLP7,1754420288,1754420124,,false,MNTH,6,MNTH,6,2025-10-03T12:48:23.222708,2025-10-03T12:48:23.222708
CFTC,2025-10-03T03:56:44Z,2027-09-15,2029-09-15,U7,4Y,2.001368925393566,JPY,-0.0042,"10,000,000,000",,NEWT,TRAD,IR,JPY-TONA-OIS Compound vs USD-SOFR-OIS Compound,QZR118Q9NWN9,1754420287,,PEXH;PEXH,false,MNTH,3,,,2025-10-03T12:48:23.222708,2025-10-03T12:48:23.222708
CFTC,2025-10-03T04:09:14Z,2025-10-03,2028-10-09,Spot,3Y,3.0171115674195756,CNY,0.01661,"101,617,000",,NEWT,TRAD,IR,NA/Swap Fxd Flt CNY USD,QZSSFHZVSF76,1754419282,,PEXH;PEXH;PEXH;PEXH,false,MNTH,3,MNTH,3,2025-10-03T12:48:23.222708,2025-10-03T12:48:23.222708
CFTC,2025-10-03T04:39:16Z,2026-03-18,2031-03-18,H6,2031-03-18,4.999315537303217,JPY,0.0112168,"15,300,000,000",,NEWT,TRAD,IR,JPY-TONA-OIS Compound,QZF08M5TR8H3,1754420285,,UFRO,true,YEAR,1,YEAR,1,2025-10-03T12:48:23.222708,2025-10-03T12:48:23.222708
CFTC,2025-10-03T04:39:16Z,2026-03-18,2036-03-18,H6,2036-03-18,10.001368925393566,JPY,0.0147678,"7,900,000,000",,NEWT,TRAD,IR,JPY-TONA-OIS Compound,QZF08M5TR8H3,1754420284,,UFRO,true,YEAR,1,YEAR,1,2025-10-03T12:48:23.222708,2025-10-03T12:48:23.222708
CFTC,2025-10-03T04:36:44Z,2025-10-06,2027-10-06,Spot,2Y,1.998631074606434,INR,0.05385,"2,400,000,000",,MODI,TRAD,IR,INR-MIBOR-OIS Compound,QZXF4PFZSLP7,1754420270,1754420151,,false,MNTH,6,MNTH,6,2025-10-03T12:48:23.222708,2025-10-03T12:48:23.222708
CFTC,2025-10-03T04:36:36Z,2025-10-06,2027-10-06,Spot,2Y,1.998631074606434,INR,0.05385,"4,800,000,000",,TERM,ETRM,IR,INR-MIBOR-OIS Compound,QZB883814F13,1754420268,1754420252,,,,,,,2025-10-03T12:48:23.222708,2025-10-03T12:48:23.222708
CFTC,2025-10-03T04:36:36Z,2025-10-06,2027-10-06,Spot,2Y,1.998631074606434,INR,0.05385,"4,800,000,000",,NEWT,TRAD,IR,INR-MIBOR-OIS Compound,QZB883814F13,1754420265,,,false,MNTH,6,MNTH,6,2025-10-03T12:48:23.222708,2025-10-03T12:48:23.222708
CFTC,2025-10-03T04:33:03Z,2025-10-06,2030-10-06,Spot,5Y,4.999315537303217,INR,0.0564,"1,000,000,000",,NEWT,TRAD,IR,INR-MIBOR-OIS Compound,QZXF4PFZSLP7,1754420257,,,false,MNTH,6,MNTH,6,2025-10-03T12:48:23.222708,2025-10-03T12:48:23.222708
CFTC,2025-10-03T04:36:31Z,2025-12-17,2030-12-17,Z5,2030-12-17,4.999315537303217,INR,0.057036,"3,200,000,000",,NEWT,TRAD,IR,INR-MIBOR-OIS Compound,QZB883814F13,1754420251,,UFRO,false,MNTH,6,MNTH,6,2025-10-03T12:48:23.222708,2025-10-03T12:48:23.222708
CFTC,2025-10-03T04:20:47Z,2025-10-06,2026-10-06,Spot,1Y,0.999315537303217,INR,0.05415,"9,200,000,000",,NEWT,TRAD,IR,INR-MIBOR-OIS Compound,QZB883814F13,1754420234,,,false,EXPI,1,EXPI,1,2025-10-03T12:48:23.222708,2025-10-03T12:48:23.222708
CFTC,2025-10-03T04:20:47Z,2025-10-06,2026-10-06,Spot,1Y,0.999315537303217,INR,0.05415,"9,200,000,000",,TERM,ETRM,IR,INR-MIBOR-OIS Compound,QZB883814F13,1754420233,1754419734,,,,,,,2025-10-03T12:48:23.222708,2025-10-03T12:48:23.222708
CFTC,2025-10-02T06:12:53Z,2030-06-20,2032-06-20,2030-06-20,2032-06-20,2.001368925393566,AUD,0.000925,"409,320,004+",,MODI,TRAD,IR,AUD-BBSW vs AUD-BBSW,QZ346HS5CZ8C,1754420213,1753383817,UFRO,false,MNTH,6,,,2025-10-03T12:48:23.222708,2025-10-03T12:48:23.222708
CFTC,2025-10-03T04:31:55Z,2026-02-19,2026-04-09,6M,6M,0.13415468856947296,NZD,0.0274,"2,000,000,000",,NEWT,TRAD,IR,NZD-NZIONA-OIS Compound,QZJVCBTFQX96,1754420199,,,false,EXPI,1,EXPI,1,2025-10-03T12:48:23.222708,2025-10-03T12:48:23.222708
CFTC,2025-10-03T04:36:26Z,2025-10-06,2028-10-06,Spot,3Y,3.0006844626967832,INR,0.05475,"3,300,000,000",,NEWT,TRAD,IR,INR-MIBOR-OIS Compound,QZB883814F13,1754420182,,,false,MNTH,6,MNTH,6,2025-10-03T12:48:23.222708,2025-10-03T12:48:23.222708
CFTC,2025-10-03T03:56:44Z,2027-09-15,2029-09-15,U7,4Y,2.001368925393566,JPY,,"10,000,000,000",,EROR,,IR,JPY-TONA-OIS Compound vs USD-SOFR-OIS Compound,QZR118Q9NWN9,1754420181,1754420093,PEXH;PEXH,false,MNTH,3,,,2025-10-03T12:48:23.222708,2025-10-03T12:48:23.222708
CFTC,2025-10-03T04:37:05Z,2025-10-07,2026-08-07,Spot,9M,0.8323066392881588,USD,0.03642,"600,000,000",,NEWT,TRAD,IR,USD-SOFR-OIS Compound,QZPB5VSBGRCD,1754420166,,,true,EXPI,1,EXPI,1,2025-10-03T12:48:23.222708,2025-10-03T12:48:23.222708
CFTC,2025-10-03T04:37:05Z,2025-10-07,2026-10-07,Spot,1Y,0.999315537303217,USD,0.035785,"500,000,000",,NEWT,TRAD,IR,USD-SOFR-OIS Compound,QZPB5VSBGRCD,1754420165,,,true,YEAR,1,YEAR,1,2025-10-03T12:48:23.222708,2025-10-03T12:48:23.222708
CFTC,2025-10-03T04:36:44Z,2025-10-06,2027-10-06,Spot,2Y,1.998631074606434,INR,0.05385,"2,400,000,000",,MODI,TRAD,IR,INR-MIBOR-OIS Compound,QZXF4PFZSLP7,1754420161,1754420151,,false,MNTH,6,MNTH,6,2025-10-03T12:48:23.222708,2025-10-03T12:48:23.222708
CFTC,2025-10-03T04:36:24Z,2025-10-06,2028-10-06,Spot,3Y,3.0006844626967832,INR,0.05475,"1,600,000,000",,MODI,TRAD,IR,INR-MIBOR-OIS Compound,QZXF4PFZSLP7,1754420130,1754420124,,false,MNTH,6,MNTH,6,2025-10-03T12:48:23.222708,2025-10-03T12:48:23.222708
CFTC,2025-10-03T04:35:47Z,2025-10-07,2035-10-07,Spot,10Y,9.998631074606434,JPY,0.01521,"330,000",,NEWT,TRAD,IR,JPY-TONA-OIS-COMPOUND,QZV61TRS4HD9,1754420088,,,false,YEAR,1,YEAR,1,2025-10-03T12:48:23.222708,2025-10-03T12:48:23.222708
CFTC,2025-10-03T04:20:28Z,2025-12-17,2027-12-17,Z5,2027-12-17,1.998631074606434,JPY,0.0082,"62,600,000,000",,NEWT,TRAD,IR,JPY-TONA-OIS-COMPOUND,QZDD9XLPWW4T,1754419700,,UFRO,true,YEAR,1,YEAR,1,2025-10-03T12:48:23.222708,2025-10-03T12:48:23.222708
CFTC,2025-10-03T04:20:28Z,2025-12-17,2027-12-17,Z5,2027-12-17,1.998631074606434,JPY,0.00919,"55,500,000,000",,NEWT,TRAD,IR,JPY-TONA-OIS-COMPOUND,QZDD9XLPWW4T,1754419656,,UFRO,true,YEAR,1,YEAR,1,2025-10-03T12:48:23.222708,2025-10-03T12:48:23.222708
CFTC,2025-10-03T04:20:29Z,2025-12-17,2027-12-17,Z5,2027-12-17,1.998631074606434,JPY,0.00998,"72,145,822,904+",,NEWT,TRAD,IR,JPY-TONA-OIS-COMPOUND,QZDD9XLPWW4T,1754419653,,UFRO,true,YEAR,1,YEAR,1,2025-10-03T12:48:23.222708,2025-10-03T12:48:23.222708
CFTC,2025-10-03T04:20:28Z,2025-12-17,2027-12-17,Z5,2027-12-17,1.998631074606434,JPY,0.009565,"56,200,000,000",,NEWT,TRAD,IR,JPY-TONA-OIS-COMPOUND,QZDD9XLPWW4T,1754419646,,UFRO,true,YEAR,1,YEAR,1,2025-10-03T12:48:23.222708,2025-10-03T12:48:23.222708
CFTC,2025-10-03T04:34:17Z,2025-10-07,2027-10-07,Spot,2Y,1.998631074606434,JPY,0.00945,"6,100,000,000",,NEWT,TRAD,IR,JPY-TONA-OIS-COMPOUND,QZV61TRS4HD9,1754420031,,,false,YEAR,1,YEAR,1,2025-10-03T12:48:23.222708,2025-10-03T12:48:23.222708
CFTC,2025-10-03T04:33:56Z,2025-12-17,2027-12-17,Z5,2027-12-17,1.998631074606434,NZD,0.035,"240,646,004+",,EROR,,IR,NZD-BKBM FRA,QZTWHXTV8809,1754420013,1754345710,,false,MNTH,3,MNTH,6,2025-10-03T12:48:23.222708,2025-10-03T12:48:23.222708
CFTC,2025-10-03T04:33:39Z,2025-10-07,2027-10-07,Spot,2Y,1.998631074606434,JPY,0.009415,"14,700,000,000",,NEWT,TRAD,IR,JPY-TONA-OIS-COMPOUND,QZV61TRS4HD9,1754420005,,,false,YEAR,1,YEAR,1,2025-10-03T12:48:23.222708,2025-10-03T12:48:23.222708
CFTC,2025-10-03T03:44:33Z,2025-10-06,2026-10-06,Spot,1Y,0.999315537303217,INR,0.054105,"9,400,000,000",,NEWT,TRAD,IR,INR-MIBOR-OIS-COMPOUND,QZVNRZSP6KHF,1754419894,,,false,YEAR,1,YEAR,1,2025-10-03T12:48:23.222708,2025-10-03T12:48:23.222708
CFTC,2025-10-03T04:15:56Z,2025-10-07,2032-10-07,Spot,7Y,7.000684462696783,JPY,0.0131875,"28,700,000,000",,NEWT,TRAD,IR,JPY-TONA-OIS Compound,QZF08M5TR8H3,1754418901,,,true,YEAR,1,YEAR,1,2025-10-03T12:48:23.222708,2025-10-03T12:48:23.222708
CFTC,2025-10-03T04:15:56Z,2025-10-07,2031-10-07,Spot,6Y,5.9986310746064335,JPY,0.0125425,"29,447,274,655+",,NEWT,TRAD,IR,JPY-TONA-OIS Compound,QZF08M5TR8H3,1754418900,,,true,YEAR,1,YEAR,1,2025-10-03T12:48:23.222708,2025-10-03T12:48:23.222708
CFTC,2025-10-03T04:15:56Z,2025-10-07,2030-10-07,Spot,5Y,4.999315537303217,JPY,0.0119375,"38,281,457,051+",,NEWT,TRAD,IR,JPY-TONA-OIS Compound,QZF08M5TR8H3,1754418899,,,true,YEAR,1,YEAR,1,2025-10-03T12:48:23.222708,2025-10-03T12:48:23.222708
CFTC,2025-10-03T04:15:38Z,2025-10-07,2030-10-07,Spot,5Y,4.999315537303217,JPY,0.0119575,"38,281,457,051+",,NEWT,TRAD,IR,JPY-TONA-OIS Compound,QZF08M5TR8H3,1754418878,,,true,YEAR,1,YEAR,1,2025-10-03T12:48:23.222708,2025-10-03T12:48:23.222708
CFTC,2025-10-03T04:29:14Z,2025-10-06,2030-10-06,Spot,5Y,4.999315537303217,INR,0.056405,"58,000,000",,NEWT,TRAD,IR,INR-MIBOR-OIS-COMPOUND,QZPB1RXQ05RR,1754419831,,,false,MNTH,6,MNTH,6,2025-10-03T12:48:23.222708,2025-10-03T12:48:23.222708
CFTC,2025-10-03T03:56:29Z,2027-12-15,2030-12-15,Z7,5Y,3.0006844626967832,JPY,-0.0044,"6,400,000,000",,NEWT,TRAD,IR,JPY-TONA-OIS Compound vs USD-SOFR-OIS Compound,QZR118Q9NWN9,1754419812,,PEXH;PEXH,false,MNTH,3,,,2025-10-03T12:48:23.222708,2025-10-03T12:48:23.222708
CFTC,2025-10-03T04:26:24Z,2025-12-17,2030-12-18,Z5,Z0,5.002053388090349,INR,0.0562,"360,000,000",,NEWT,TRAD,IR,INR-MIBOR-OIS Compound,QZB883814F13,1754419774,,UFRO,false,MNTH,6,MNTH,6,2025-10-03T12:48:23.222708,2025-10-03T12:48:23.222708
CFTC,2025-10-03T04:26:11Z,2025-10-07,2026-10-07,Spot,1Y,0.999315537303217,USD,0.03573,"500,000,000",,NEWT,TRAD,IR,USD-SOFR-OIS Compound,QZPB5VSBGRCD,1754419765,,,true,YEAR,1,YEAR,1,2025-10-03T12:48:23.222708,2025-10-03T12:48:23.222708
CFTC,2025-10-03T04:26:11Z,2025-10-07,2026-08-07,Spot,9M,0.8323066392881588,USD,0.036415,"600,000,000",,NEWT,TRAD,IR,USD-SOFR-OIS Compound,QZPB5VSBGRCD,1754419764,,,true,EXPI,1,EXPI,1,2025-10-03T12:48:23.222708,2025-10-03T12:48:23.222708
CFTC,2025-10-03T04:11:12Z,2025-12-17,2030-12-17,Z5,2030-12-17,4.999315537303217,AUD,0.0390145,"170,000,000",,NEWT,TRAD,IR,AUD-BBSW,QZSP34M4RS41,1754418718,,,true,MNTH,6,MNTH,6,2025-10-03T12:48:23.222708,2025-10-03T12:48:23.222708
CFTC,2025-10-03T04:23:22Z,2025-10-03,2025-11-04,Spot,2025-11-04,0.08761122518822724,JPY,0.015325,"10,000,000,000",,CORR,,IR,NA/Swap OIS JPY,QZNMTT1MC29M,1754419761,1754419078,,true,YEAR,1,YEAR,1,2025-10-03T12:48:23.222708,2025-10-03T12:48:23.222708
CFTC,2025-10-03T04:23:22Z,2025-10-03,2025-11-04,Spot,2025-11-04,0.08761122518822724,JPY,0.015325,"10,000,000,000",,CORR,,IR,NA/Swap OIS JPY,QZVX211LRR36,1754419760,1754419081,,true,YEAR,1,YEAR,1,2025-10-03T12:48:23.222708,2025-10-03T12:48:23.222708
CFTC,2025-10-03T04:19:41Z,2025-10-06,2026-10-06,Spot,1Y,0.999315537303217,INR,0.05415,"4,600,000,000",,TERM,ETRM,IR,INR-MIBOR-OIS Compound,QZB883814F13,1754419741,1754419735,,,,,,,2025-10-03T12:48:23.222708,2025-10-03T12:48:23.222708
CFTC,2025-10-03T04:19:41Z,2025-10-06,2026-10-06,Spot,1Y,0.999315537303217,INR,0.05415,"4,600,000,000",,NEWT,TRAD,IR,INR-MIBOR-OIS Compound,QZB883814F13,1754419740,,,false,EXPI,1,EXPI,1,2025-10-03T12:48:23.222708,2025-10-03T12:48:23.222708
CFTC,2025-10-03T04:18:09Z,2025-10-06,2030-10-06,Spot,5Y,4.999315537303217,INR,0.0564,"1,000,000,000",,MODI,TRAD,IR,INR-MIBOR-OIS Compound,QZB883814F13,1754419736,1754419079,,false,MNTH,6,MNTH,6,2025-10-03T12:48:23.222708,2025-10-03T12:48:23.222708
CFTC,2025-10-03T04:24:55Z,2025-10-07,2045-10-07,Spot,2045-10-07,20.0,JPY,0.0217875,"2,000,000,000",,CORR,,IR,JPY-TONA-OIS Compound,QZF08M5TR8H3,1754419733,1754419064,,false,MNTH,12,MNTH,12,2025-10-03T12:48:23.222708,2025-10-03T12:48:23.222708
CFTC,2025-10-03T04:18:09Z,2025-10-06,2030-10-06,Spot,5Y,4.999315537303217,INR,0.0564,"1,000,000,000",,MODI,TRAD,IR,INR-MIBOR-OIS Compound,QZB883814F13,1754419725,1754419079,,false,MNTH,6,MNTH,6,2025-10-03T12:48:23.222708,2025-10-03T12:48:23.222708
CFTC,2025-10-03T04:14:42Z,2025-10-07,2040-10-07,Spot,2040-10-07,15.000684462696784,JPY,0.01875,"2,500,000,000",,NEWT,TRAD,IR,JPY-TONA-OIS Compound,QZF08M5TR8H3,1754419721,,,false,YEAR,1,YEAR,1,2025-10-03T12:48:23.222708,2025-10-03T12:48:23.222708
CFTC,2025-10-03T04:13:48Z,2025-10-07,2040-10-07,Spot,2040-10-07,15.000684462696784,JPY,0.01875,"2,500,000,000",,NEWT,TRAD,IR,JPY-TONA-OIS Compound,QZF08M5TR8H3,1754419720,,,false,YEAR,1,YEAR,1,2025-10-03T12:48:23.222708,2025-10-03T12:48:23.222708
CFTC,2025-10-03T04:22:25Z,2025-10-07,2035-10-07,Spot,10Y,9.998631074606434,JPY,0.0151625,"2,500,000,000",,NEWT,TRAD,IR,JPY-TONA-OIS Compound,QZF08M5TR8H3,1754419709,,,true,YEAR,1,YEAR,1,2025-10-03T12:48:23.222708,2025-10-03T12:48:23.222708
CFTC,2025-10-03T04:06:46Z,2025-10-07,2026-01-13,Spot,2026-01-13,0.2683093771389459,USD,0.00177,"1,500,000,000",,NEWT,TRAD,IR,USD-SOFR-OIS Compound,QZPB5VSBGRCD,1754419708,,,false,,,,,2025-10-03T12:48:23.222708,2025-10-03T12:48:23.222708
CFTC,2025-10-03T04:17:50Z,2025-10-03,2025-11-04,Spot,2025-11-04,0.08761122518822724,JPY,0.0081125,"47,000,000,000",,MODI,TRAD,IR,NA/Swap OIS JPY,QZNMTT1MC29M,1754419707,1754419069,,true,YEAR,1,YEAR,1,2025-10-03T12:48:23.222708,2025-10-03T12:48:23.222708
CFTC,2025-10-03T04:20:28Z,2025-12-17,2027-12-17,Z5,2027-12-17,1.998631074606434,JPY,0.009387,"4,900,000,000",,NEWT,TRAD,IR,JPY-TONA-OIS-COMPOUND,QZDD9XLPWW4T,1754419702,,UFRO,true,YEAR,1,YEAR,1,2025-10-03T12:48:23.222708,2025-10-03T12:48:23.222708
CFTC,2025-10-03T04:20:28Z,2025-12-17,2027-12-17,Z5,2027-12-17,1.998631074606434,JPY,0.0094719,"9,000,000,000",,NEWT,TRAD,IR,JPY-TONA-OIS-COMPOUND,QZDD9XLPWW4T,1754419699,,UFRO,true,YEAR,1,YEAR,1,2025-10-03T12:48:23.222708,2025-10-03T12:48:23.222708
CFTC,2025-10-03T04:20:28Z,2025-12-17,2027-12-17,Z5,2027-12-17,1.998631074606434,JPY,0.0086875,"4,600,000,000",,NEWT,TRAD,IR,JPY-TONA-OIS-COMPOUND,QZDD9XLPWW4T,1754419698,,UFRO,true,YEAR,1,YEAR,1,2025-10-03T12:48:23.222708,2025-10-03T12:48:23.222708
CFTC,2025-10-03T04:20:28Z,2025-12-17,2027-12-17,Z5,2027-12-17,1.998631074606434,JPY,0.0088627,"3,400,000,000",,NEWT,TRAD,IR,JPY-TONA-OIS-COMPOUND,QZDD9XLPWW4T,1754419697,,UFRO,true,YEAR,1,YEAR,1,2025-10-03T12:48:23.222708,2025-10-03T12:48:23.222708
CFTC,2025-10-03T04:20:28Z,2025-12-17,2027-12-17,Z5,2027-12-17,1.998631074606434,JPY,0.0088388,"6,300,000,000",,NEWT,TRAD,IR,JPY-TONA-OIS-COMPOUND,QZDD9XLPWW4T,1754419696,,UFRO,true,YEAR,1,YEAR,1,2025-10-03T12:48:23.222708,2025-10-03T12:48:23.222708
CFTC,2025-10-03T04:20:28Z,2025-12-17,2027-12-17,Z5,2027-12-17,1.998631074606434,JPY,0.0088351,"10,500,000,000",,NEWT,TRAD,IR,JPY-TONA-OIS-COMPOUND,QZDD9XLPWW4T,1754419693,,UFRO,true,YEAR,1,YEAR,1,2025-10-03T12:48:23.222708,2025-10-03T12:48:23.222708
CFTC,2025-10-03T04:18:34Z,2025-10-08,2030-10-08,Spot,5Y,4.999315537303217,INR,0.0634,"1,100,000,000",,NEWT,TRAD,IR,USD-SOFR-OIS Compound,QZ9H1VP1H7FJ,1754419692,,,false,MNTH,6,MNTH,6,2025-10-03T12:48:23.222708,2025-10-03T12:48:23.222708
CFTC,2025-10-03T04:20:28Z,2025-12-17,2027-12-17,Z5,2027-12-17,1.998631074606434,JPY,0.00942,"26,500,000,000",,NEWT,TRAD,IR,JPY-TONA-OIS-COMPOUND,QZDD9XLPWW4T,1754419691,,UFRO,true,YEAR,1,YEAR,1,2025-10-03T12:48:23.222708,2025-10-03T12:48:23.222708
CFTC,2025-10-03T04:20:28Z,2025-12-17,2027-12-17,Z5,2027-12-17,1.998631074606434,JPY,0.0093144,"7,300,000,000",,NEWT,TRAD,IR,JPY-TONA-OIS-COMPOUND,QZDD9XLPWW4T,1754419690,,UFRO,true,YEAR,1,YEAR,1,2025-10-03T12:48:23.222708,2025-10-03T12:48:23.222708
CFTC,2025-10-03T04:20:28Z,2025-12-17,2027-12-17,Z5,2027-12-17,1.998631074606434,JPY,0.008975,"40,400,000,000",,NEWT,TRAD,IR,JPY-TONA-OIS-COMPOUND,QZDD9XLPWW4T,1754419689,,UFRO,true,YEAR,1,YEAR,1,2025-10-03T12:48:23.222708,2025-10-03T12:48:23.222708
CFTC,2025-10-03T04:20:29Z,2025-12-17,2027-12-17,Z5,2027-12-17,1.998631074606434,JPY,0.01007,"12,400,000,000",,NEWT,TRAD,IR,JPY-TONA-OIS-COMPOUND,QZDD9XLPWW4T,1754419688,,UFRO,true,YEAR,1,YEAR,1,2025-10-03T12:48:23.222708,2025-10-03T12:48:23.222708
CFTC,2025-10-03T04:20:28Z,2025-12-17,2027-12-17,Z5,2027-12-17,1.998631074606434,JPY,0.0087122,"4,100,000,000",,NEWT,TRAD,IR,JPY-TONA-OIS-COMPOUND,QZDD9XLPWW4T,1754419685,,UFRO,true,YEAR,1,YEAR,1,2025-10-03T12:48:23.222708,2025-10-03T12:48:23.222708
CFTC,2025-10-03T04:20:28Z,2025-12-17,2027-12-17,Z5,2027-12-17,1.998631074606434,JPY,0.00862,"26,700,000,000",,NEWT,TRAD,IR,JPY-TONA-OIS-COMPOUND,QZDD9XLPWW4T,1754419684,,UFRO,true,YEAR,1,YEAR,1,2025-10-03T12:48:23.222708,2025-10-03T12:48:23.222708
CFTC,2025-10-03T04:20:28Z,2025-12-17,2027-12-17,Z5,2027-12-17,1.998631074606434,JPY,0.00865,"33,300,000,000",,NEWT,TRAD,IR,JPY-TONA-OIS-COMPOUND,QZDD9XLPWW4T,1754419683,,UFRO,true,YEAR,1,YEAR,1,2025-10-03T12:48:23.222708,2025-10-03T12:48:23.222708
CFTC,2025-10-03T04:20:28Z,2025-12-17,2027-12-17,Z5,2027-12-17,1.998631074606434,JPY,0.0095242,"21,000,000,000",,NEWT,TRAD,IR,JPY-TONA-OIS-COMPOUND,QZDD9XLPWW4T,1754419681,,UFRO,true,YEAR,1,YEAR,1,2025-10-03T12:48:23.222708,2025-10-03T12:48:23.222708
CFTC,2025-10-03T04:20:28Z,2025-12-17,2027-12-17,Z5,2027-12-17,1.998631074606434,JPY,0.008875,"14,700,000,000",,NEWT,TRAD,IR,JPY-TONA-OIS-COMPOUND,QZDD9XLPWW4T,1754419680,,UFRO,true,YEAR,1,YEAR,1,2025-10-03T12:48:23.222708,2025-10-03T12:48:23.222708
CFTC,2025-10-03T04:20:28Z,2025-12-17,2027-12-17,Z5,2027-12-17,1.998631074606434,JPY,0.0092693,"3,500,000,000",,NEWT,TRAD,IR,JPY-TONA-OIS-COMPOUND,QZDD9XLPWW4T,1754419677,,UFRO,true,YEAR,1,YEAR,1,2025-10-03T12:48:23.222708,2025-10-03T12:48:23.222708
CFTC,2025-10-03T04:20:29Z,2025-12-17,2027-12-17,Z5,2027-12-17,1.998631074606434,JPY,0.0100727,"4,600,000,000",,NEWT,TRAD,IR,JPY-TONA-OIS-COMPOUND,QZDD9XLPWW4T,1754419676,,UFRO,true,YEAR,1,YEAR,1,2025-10-03T12:48:23.222708,2025-10-03T12:48:23.222708
CFTC,2025-10-03T04:20:28Z,2025-12-17,2027-12-17,Z5,2027-12-17,1.998631074606434,JPY,0.00933,"44,300,000,000",,NEWT,TRAD,IR,JPY-TONA-OIS-COMPOUND,QZDD9XLPWW4T,1754419674,,UFRO,true,YEAR,1,YEAR,1,2025-10-03T12:48:23.222708,2025-10-03T12:48:23.222708
CFTC,2025-10-03T04:20:28Z,2025-12-17,2027-12-17,Z5,2027-12-17,1.998631074606434,JPY,0.0088319,"14,600,000,000",,NEWT,TRAD,IR,JPY-TONA-OIS-COMPOUND,QZDD9XLPWW4T,1754419673,,UFRO,true,YEAR,1,YEAR,1,2025-10-03T12:48:23.222708,2025-10-03T12:48:23.222708
CFTC,2025-10-03T04:20:28Z,2025-12-17,2027-12-17,Z5,2027-12-17,1.998631074606434,JPY,0.0089962,"21,300,000,000",,NEWT,TRAD,IR,JPY-TONA-OIS-COMPOUND,QZDD9XLPWW4T,1754419672,,UFRO,true,YEAR,1,YEAR,1,2025-10-03T12:48:23.222708,2025-10-03T12:48:23.222708
CFTC,2025-10-03T04:20:28Z,2025-12-17,2027-12-17,Z5,2027-12-17,1.998631074606434,JPY,0.0094923,"13,900,000,000",,NEWT,TRAD,IR,JPY-TONA-OIS-COMPOUND,QZDD9XLPWW4T,1754419670,,UFRO,true,YEAR,1,YEAR,1,2025-10-03T12:48:23.222708,2025-10-03T12:48:23.222708
CFTC,2025-10-03T04:20:28Z,2025-12-17,2027-12-17,Z5,2027-12-17,1.998631074606434,JPY,0.0090456,"7,400,000,000",,NEWT,TRAD,IR,JPY-TONA-OIS-COMPOUND,QZDD9XLPWW4T,1754419668,,UFRO,true,YEAR,1,YEAR,1,2025-10-03T12:48:23.222708,2025-10-03T12:48:23.222708
CFTC,2025-10-03T04:20:28Z,2025-12-17,2027-12-17,Z5,2027-12-17,1.998631074606434,JPY,0.00948,"9,600,000,000",,NEWT,TRAD,IR,JPY-TONA-OIS-COMPOUND,QZDD9XLPWW4T,1754419667,,UFRO,true,YEAR,1,YEAR,1,2025-10-03T12:48:23.222708,2025-10-03T12:48:23.222708
SEC,2025-10-02T18:57:13Z,2025-10-06,2025-11-03,Spot,2025-11-03,0.07665982203969883,MXN,0,"494,659,200",,NEWT,TRAD,IR,Basket vs Basket,QZHT525VQ8HQ,1754129985,,,false,,,,,2025-10-03T12:48:23.228629,2025-10-03T12:48:23.228629
CANADA,2025-10-01T04:37:54Z,2025-10-15,2028-04-30,2025-10-15,2028-04-30,2.54072553045859,AUD,0.0389,"35,000,000",,NEWT,TRAD,IR,AUD-BBR-BBSW,QZ921SM6H5P8,1752116485,,,false,MNTH,3,MNTH,3,2025-10-03T12:48:23.236968,2025-10-03T12:48:23.236968
CANADA,2025-10-01T04:37:54Z,2025-10-15,2028-03-31,2025-10-15,2028-03-31,2.458590006844627,AUD,0.0389,"100,000,000",,NEWT,TRAD,IR,AUD-BBR-BBSW,QZ921SM6H5P8,1752116484,,,false,MNTH,3,MNTH,3,2025-10-03T12:48:23.236968,2025-10-03T12:48:23.236968
CANADA,2025-10-01T02:23:37Z,2025-10-03,2027-10-03,Spot,2Y,1.998631074606434,USD,0.033915,"10,000,000",,NEWT,TRAD,IR,USD-SOFR-COMPOUND,QZZ8HPG4JF7W,1752087538,,,false,YEAR,1,YEAR,1,2025-10-03T12:48:23.236968,2025-10-03T12:48:23.236968
CANADA,2025-10-01T02:23:37Z,2025-10-03,2027-10-03,Spot,2Y,1.998631074606434,USD,0.033915,"10,000,000",,NEWT,TRAD,IR,USD-SOFR-COMPOUND,QZZ8HPG4JF7W,1752087537,,,false,YEAR,1,YEAR,1,2025-10-03T12:48:23.236968,2025-10-03T12:48:23.236968
CANADA,2025-10-01T02:23:37Z,2025-10-03,2027-10-03,Spot,2Y,1.998631074606434,USD,0.033915,"10,000,000",,NEWT,TRAD,IR,USD-SOFR-COMPOUND,QZXQ4R16245X,1752087535,,,false,YEAR,1,YEAR,1,2025-10-03T12:48:23.236968,2025-10-03T12:48:23.236968
CANADA,2025-10-01T02:23:37Z,2025-10-03,2027-10-03,Spot,2Y,1.998631074606434,USD,0.033915,"10,000,000",,NEWT,TRAD,IR,USD-SOFR-COMPOUND,QZXQ4R16245X,1752087534,,,false,YEAR,1,YEAR,1,2025-10-03T12:48:23.236968,2025-10-03T12:48:23.236968
CANADA,2025-10-01T01:55:20Z,2025-10-07,2032-10-07,Spot,7Y,7.000684462696783,USD,0.034627,"5,000,000",,CORR,,IR,USD-SOFR-OIS Compound,QZPB5VSBGRCD,1752085726,1752085719,,false,MNTH,3,MNTH,6,2025-10-03T12:48:23.236968,2025-10-03T12:48:23.236968
CANADA,2025-10-01T01:55:20Z,2025-10-07,2032-10-07,Spot,7Y,7.000684462696783,USD,0.034627,"5,000,000",,CORR,,IR,USD-SOFR-OIS Compound,QZPB5VSBGRCD,1752085725,1752085718,,false,MNTH,3,MNTH,6,2025-10-03T12:48:23.236968,2025-10-03T12:48:23.236968
CANADA,2025-10-01T00:03:53Z,2026-03-31,2056-03-31,6M,2056-03-31,30.001368925393567,USD,0,"33,000,000",,MODI,TRAD,IR,,QZZCTD24WV5Z,1752077013,773170193,,false,,,MNTH,3,2025-10-03T12:48:23.236968,2025-10-03T12:48:23.236968
CANADA,2025-09-30T22:37:06Z,2026-02-27,2030-02-28,6M,2030-02-28,4.002737850787132,USD,0.03407,"1,000,000",,CORR,,IR,USD-SOFR-OIS Compound,QZKG9WMC7NB4,1752604768,1746742219,,false,YEAR,1,YEAR,1,2025-10-03T12:48:23.236968,2025-10-03T12:48:23.236968
CANADA,2025-09-30T22:37:06Z,2026-02-27,2030-02-28,6M,2030-02-28,4.002737850787132,USD,0.03407,"1,000,000",,CORR,,IR,USD-SOFR-OIS Compound,QZKG9WMC7NB4,1752604767,1746742218,,false,YEAR,1,YEAR,1,2025-10-03T12:48:23.236968,2025-10-03T12:48:23.236968
CANADA,2025-09-30T22:36:27Z,2026-02-27,2028-02-28,6M,2028-02-28,2.001368925393566,USD,0.0334,"12,000,000",,CORR,,IR,USD-SOFR-OIS Compound,QZKG9WMC7NB4,1752604763,1746737501,,false,YEAR,1,YEAR,1,2025-10-03T12:48:23.236968,2025-10-03T12:48:23.236968
CANADA,2025-09-30T22:36:27Z,2026-02-27,2028-02-28,6M,2028-02-28,2.001368925393566,USD,0.0334,"12,000,000",,CORR,,IR,USD-SOFR-OIS Compound,QZKG9WMC7NB4,1752604761,1746737500,,false,YEAR,1,YEAR,1,2025-10-03T12:48:23.236968,2025-10-03T12:48:23.236968
CANADA,2025-09-30T22:28:19Z,2026-01-30,2030-01-31,2026-01-30,2030-01-31,4.002737850787132,USD,0.0329,"1,100,000",,CORR,,IR,USD-SOFR-OIS Compound,QZKG9WMC7NB4,1752604766,1734220196,,false,YEAR,1,YEAR,1,2025-10-03T12:48:23.236968,2025-10-03T12:48:23.236968
CANADA,2025-09-30T22:28:19Z,2026-01-30,2030-01-31,2026-01-30,2030-01-31,4.002737850787132,USD,0.0329,"1,100,000",,CORR,,IR,USD-SOFR-OIS Compound,QZKG9WMC7NB4,1752604765,1734220193,,false,YEAR,1,YEAR,1,2025-10-03T12:48:23.236968,2025-10-03T12:48:23.236968
CANADA,2025-09-30T22:25:45Z,2026-01-30,2028-01-31,2026-01-30,2028-01-31,2.001368925393566,USD,0.03233,"11,000,000",,CORR,,IR,USD-SOFR-OIS Compound,QZKG9WMC7NB4,1752604762,1734220199,,false,YEAR,1,YEAR,1,2025-10-03T12:48:23.236968,2025-10-03T12:48:23.236968
CANADA,2025-09-30T22:25:45Z,2026-01-30,2028-01-31,2026-01-30,2028-01-31,2.001368925393566,USD,0.03233,"11,000,000",,CORR,,IR,USD-SOFR-OIS Compound,QZKG9WMC7NB4,1752604764,1734220200,,false,YEAR,1,YEAR,1,2025-10-03T12:48:23.236968,2025-10-03T12:48:23.236968
CANADA,2025-09-30T21:30:43Z,2027-03-31,2042-06-30,2027-03-31,2042-06-30,15.249828884325805,USD,0.037484,"35,917,220+",,MODI,TRAD,IR,USD-SOFR-OIS Compound,QZ3DR21WHT10,1752043355,1751780913,,false,MNTH,3,MNTH,3,2025-10-03T12:48:23.236968,2025-10-03T12:48:23.236968
CANADA,2025-09-30T20:36:30Z,2025-12-17,2030-12-17,Z5,2030-12-17,4.999315537303217,USD,0.0375,"20,000,000",,NEWT,TRAD,IR,USD-SOFR-COMPOUND,QZZ8HPG4JF7W,1751869578,,UFRO,false,YEAR,1,YEAR,1,2025-10-03T12:48:23.236968,2025-10-03T12:48:23.236968
CANADA,2025-09-30T20:36:30Z,2025-12-17,2030-12-17,Z5,2030-12-17,4.999315537303217,USD,0.0375,"20,000,000",,NEWT,TRAD,IR,USD-SOFR-COMPOUND,QZZ8HPG4JF7W,1751869577,,UFRO,false,YEAR,1,YEAR,1,2025-10-03T12:48:23.236968,2025-10-03T12:48:23.236968
CANADA,2025-09-30T20:36:30Z,2025-12-17,2030-12-17,Z5,2030-12-17,4.999315537303217,USD,0.0375,"20,000,000",,NEWT,TRAD,IR,USD-SOFR-COMPOUND,QZXQ4R16245X,1751868946,,UFRO,false,YEAR,1,YEAR,1,2025-10-03T12:48:23.236968,2025-10-03T12:48:23.236968
CANADA,2025-09-30T20:36:30Z,2025-12-17,2030-12-17,Z5,2030-12-17,4.999315537303217,USD,0.0375,"20,000,000",,NEWT,TRAD,IR,USD-SOFR-COMPOUND,QZXQ4R16245X,1751868945,,UFRO,false,YEAR,1,YEAR,1,2025-10-03T12:48:23.236968,2025-10-03T12:48:23.236968
CANADA,2025-09-30T20:22:17Z,2025-12-17,2030-12-17,Z5,2030-12-17,4.999315537303217,USD,0.0375,"41,000,000",,NEWT,TRAD,IR,USD-SOFR-COMPOUND,QZZ8HPG4JF7W,1752989404,,UFRO,true,YEAR,1,YEAR,1,2025-10-03T12:48:23.236968,2025-10-03T12:48:23.236968
CANADA,2025-09-30T20:22:17Z,2025-12-17,2030-12-17,Z5,2030-12-17,4.999315537303217,USD,0.0375,"41,000,000",,NEWT,TRAD,IR,USD-SOFR-COMPOUND,QZZ8HPG4JF7W,1752989403,,UFRO,true,YEAR,1,YEAR,1,2025-10-03T12:48:23.236968,2025-10-03T12:48:23.236968
CANADA,2025-09-30T20:22:17Z,2025-12-17,2029-12-17,Z5,2029-12-17,4.0,USD,0.0375,"50,000,000",,NEWT,TRAD,IR,USD-SOFR-COMPOUND,QZZ8HPG4JF7W,1752989381,,UFRO,true,YEAR,1,YEAR,1,2025-10-03T12:48:23.236968,2025-10-03T12:48:23.236968
CANADA,2025-09-30T20:22:17Z,2025-12-17,2029-12-17,Z5,2029-12-17,4.0,USD,0.0375,"50,000,000",,NEWT,TRAD,IR,USD-SOFR-COMPOUND,QZZ8HPG4JF7W,1752989380,,UFRO,true,YEAR,1,YEAR,1,2025-10-03T12:48:23.236968,2025-10-03T12:48:23.236968
CANADA,2025-09-30T20:22:17Z,2025-12-17,2030-12-17,Z5,2030-12-17,4.999315537303217,USD,0.0375,"41,000,000",,NEWT,TRAD,IR,USD-SOFR-COMPOUND,QZXQ4R16245X,1751818262,,UFRO,true,YEAR,1,YEAR,1,2025-10-03T12:48:23.236968,2025-10-03T12:48:23.236968
CANADA,2025-09-30T20:22:17Z,2025-12-17,2030-12-17,Z5,2030-12-17,4.999315537303217,USD,0.0375,"41,000,000",,NEWT,TRAD,IR,USD-SOFR-COMPOUND,QZXQ4R16245X,1751818261,,UFRO,true,YEAR,1,YEAR,1,2025-10-03T12:48:23.236968,2025-10-03T12:48:23.236968
CANADA,2025-09-30T20:22:17Z,2025-12-17,2029-12-17,Z5,2029-12-17,4.0,USD,0.0375,"50,000,000",,NEWT,TRAD,IR,USD-SOFR-COMPOUND,QZXQ4R16245X,1751818244,,UFRO,true,YEAR,1,YEAR,1,2025-10-03T12:48:23.236968,2025-10-03T12:48:23.236968
CANADA,2025-09-30T20:22:17Z,2025-12-17,2029-12-17,Z5,2029-12-17,4.0,USD,0.0375,"50,000,000",,NEWT,TRAD,IR,USD-SOFR-COMPOUND,QZXQ4R16245X,1751818243,,UFRO,true,YEAR,1,YEAR,1,2025-10-03T12:48:23.236968,2025-10-03T12:48:23.236968
CANADA,2025-09-30T19:32:18Z,2027-09-22,2037-09-22,2Y,2037-09-22,10.001368925393566,USD,0.038,"30,000,000",,CORR,,IR,USD-SOFR-OIS Compound,QZPB5VSBGRCD,1751783633,1751782848,,false,YEAR,1,YEAR,1,2025-10-03T12:48:23.236968,2025-10-03T12:48:23.236968
CANADA,2025-09-30T19:32:18Z,2027-09-22,2037-09-22,2Y,2037-09-22,10.001368925393566,USD,0.038,"30,000,000",,CORR,,IR,USD-SOFR-OIS Compound,QZPB5VSBGRCD,1751783632,1751782847,,false,YEAR,1,YEAR,1,2025-10-03T12:48:23.236968,2025-10-03T12:48:23.236968
CANADA,2025-09-30T19:31:58Z,2027-09-22,2037-09-22,2Y,2037-09-22,10.001368925393566,USD,0.038,"30,000,000",,CORR,,IR,USD-SOFR-OIS Compound,QZPB5VSBGRCD,1751783567,1751782848,,false,YEAR,1,YEAR,1,2025-10-03T12:48:23.236968,2025-10-03T12:48:23.236968
CANADA,2025-09-30T19:31:58Z,2027-09-22,2037-09-22,2Y,2037-09-22,10.001368925393566,USD,0.038,"30,000,000",,CORR,,IR,USD-SOFR-OIS Compound,QZPB5VSBGRCD,1751783566,1751782847,,false,YEAR,1,YEAR,1,2025-10-03T12:48:23.236968,2025-10-03T12:48:23.236968
CFTC,2025-10-03T04:48:39Z,2025-10-07,2026-10-07,Spot,1Y,0.999315537303217,JPY,0.00771,"29,000,000,000",,NEWT,TRAD,IR,JPY-TONA-OIS-COMPOUND,QZV61TRS4HD9,1754420631,,,false,YEAR,1,YEAR,1,2025-10-03T12:49:25.863083,2025-10-03T12:49:25.863083
CFTC,2025-10-03T04:14:28Z,2025-10-07,2045-10-07,Spot,2045-10-07,20.0,JPY,0.0217875,"1,000,000,000",,NEWT,TRAD,IR,JPY-TONA-OIS-COMPOUND,QZPB438QKTCD,1754420623,,,false,YEAR,1,YEAR,1,2025-10-03T12:49:25.863083,2025-10-03T12:49:25.863083
CFTC,2025-10-03T04:48:18Z,2025-10-06,2027-10-06,Spot,2Y,1.998631074606434,INR,0.0538,"12,000,000,000",,TERM,ETRM,IR,INR-MIBOR-OIS Compound,QZB883814F13,1754420622,1754420605,,false,MNTH,6,MNTH,6,2025-10-03T12:49:25.863083,2025-10-03T12:49:25.863083
CFTC,2025-10-03T04:51:13Z,2027-09-15,2037-09-15,U7,2037-09-15,10.001368925393566,JPY,0.01814,"8,100,000,000",,NEWT,TRAD,IR,JPY-TONA-OIS-COMPOUND,QZV61TRS4HD9,1754420752,,,false,YEAR,1,YEAR,1,2025-10-03T12:51:27.943262,2025-10-03T12:51:27.943262
CFTC,2025-10-03T04:50:30Z,2025-12-17,2028-12-17,Z5,2028-12-17,3.0006844626967832,AUD,0.0351,"90,000,000",,NEWT,TRAD,IR,AUD-BBSW,QZC7RNH5BTL5,1754420693,,,true,MNTH,3,MNTH,3,2025-10-03T12:51:27.943262,2025-10-03T12:51:27.943262
CFTC,2025-10-03T04:50:19Z,2025-10-07,2027-10-07,Spot,2Y,1.998631074606434,JPY,0.0094,"14,700,000,000",,NEWT,TRAD,IR,JPY-TONA-OIS-COMPOUND,QZV61TRS4HD9,1754420672,,,false,YEAR,1,YEAR,1,2025-10-03T12:51:27.943262,2025-10-03T12:51:27.943262
CFTC,2025-10-03T04:50:18Z,2025-10-07,2045-10-07,Spot,2045-10-07,20.0,JPY,0.021675,"210,000",,NEWT,TRAD,IR,JPY-TONA-OIS-COMPOUND,QZV61TRS4HD9,1754420671,,,false,YEAR,1,YEAR,1,2025-10-03T12:51:27.943262,2025-10-03T12:51:27.943262
CFTC,2025-10-03T04:52:08Z,2025-12-17,2030-12-17,Z5,2030-12-17,4.999315537303217,AUD,0.039,"84,000,000",,NEWT,TRAD,IR,AUD-BBSW,QZSP34M4RS41,1754420801,,,true,MNTH,6,MNTH,6,2025-10-03T12:52:30.787309,2025-10-03T12:52:30.787309
CFTC,2025-10-03T04:52:01Z,2025-12-17,2030-12-18,Z5,Z0,5.002053388090349,AUD,0.038,"2,000,000",,NEWT,TRAD,IR,AUD-BBSW,QZSP34M4RS41,1754420797,,UFRO,true,MNTH,6,MNTH,6,2025-10-03T12:52:30.787309,2025-10-03T12:52:30.787309
CFTC,2025-10-03T04:37:05Z,2025-10-07,2026-09-07,Spot,1Y,0.917180013689254,USD,0.036076,"1,100,000,000",,NEWT,TRAD,IR,USD-SOFR-OIS Compound,QZPB5VSBGRCD,1754420164,,,true,EXPI,1,EXPI,1,2025-10-03T12:52:30.787309,2025-10-03T12:52:30.787309
CFTC,2025-10-03T04:14:03Z,2025-10-06,2027-10-06,Spot,2Y,1.998631074606434,INR,0.0538,"12,000,000,000",,NEWT,TRAD,IR,INR-MIBOR-OIS Compound,QZB883814F13,1754420605,,,false,MNTH,6,MNTH,6,2025-10-03T12:52:30.787309,2025-10-03T12:52:30.787309
CFTC,2025-10-03T03:56:25Z,2030-09-18,2035-09-18,U0,10Y,4.999315537303217,JPY,-0.00425,"10,000,000,000",,NEWT,TRAD,IR,JPY-TONA-OIS Compound vs USD-SOFR-OIS Compound,QZR118Q9NWN9,1754420437,,PEXH;PEXH,false,MNTH,3,,,2025-10-03T12:52:30.787309,2025-10-03T12:52:30.787309
CFTC,2025-10-03T04:36:36Z,2025-10-06,2027-10-06,Spot,2Y,1.998631074606434,INR,0.05385,"4,800,000,000",,NEWT,TRAD,IR,INR-MIBOR-OIS Compound,QZB883814F13,1754420252,,,false,MNTH,6,MNTH,6,2025-10-03T12:52:30.787309,2025-10-03T12:52:30.787309
CFTC,2025-10-03T04:36:44Z,2025-10-06,2027-10-06,Spot,2Y,1.998631074606434,INR,0.05385,"2,400,000,000",,NEWT,TRAD,IR,INR-MIBOR-OIS Compound,QZXF4PFZSLP7,1754420151,,,false,MNTH,6,MNTH,6,2025-10-03T12:52:30.787309,2025-10-03T12:52:30.787309
CFTC,2025-10-03T04:36:24Z,2025-10-06,2028-10-06,Spot,3Y,3.0006844626967832,INR,0.05475,"1,600,000,000",,NEWT,TRAD,IR,INR-MIBOR-OIS Compound,QZXF4PFZSLP7,1754420124,,,false,MNTH,6,MNTH,6,2025-10-03T12:52:30.787309,2025-10-03T12:52:30.787309
CFTC,2025-10-03T03:56:44Z,2027-09-15,2029-09-15,U7,4Y,2.001368925393566,JPY,-0.0042,"10,000,000,000",,NEWT,TRAD,IR,JPY-TONA-OIS Compound vs USD-SOFR-OIS Compound,QZR118Q9NWN9,1754420093,,PEXH;PEXH,false,MNTH,3,,,2025-10-03T12:52:30.787309,2025-10-03T12:52:30.787309
CFTC,2025-10-03T04:19:41Z,2025-10-06,2026-10-06,Spot,1Y,0.999315537303217,INR,0.05415,"4,600,000,000",,NEWT,TRAD,IR,INR-MIBOR-OIS Compound,QZB883814F13,1754419735,,,false,EXPI,1,EXPI,1,2025-10-03T12:52:30.787309,2025-10-03T12:52:30.787309
CFTC,2025-10-03T04:20:47Z,2025-10-06,2026-10-06,Spot,1Y,0.999315537303217,INR,0.05415,"9,200,000,000",,NEWT,TRAD,IR,INR-MIBOR-OIS Compound,QZB883814F13,1754419734,,,false,EXPI,1,EXPI,1,2025-10-03T12:52:30.787309,2025-10-03T12:52:30.787309
CANADA,2025-10-01T01:54:54Z,2025-10-07,2032-10-07,Spot,7Y,7.000684462696783,USD,0.034627,"5,000,000",,NEWT,TRAD,IR,USD-SOFR-OIS Compound,QZPB5VSBGRCD,1752085719,,,false,MNTH,3,MNTH,6,2025-10-03T12:52:30.805308,2025-10-03T12:52:30.805308
CANADA,2025-10-01T01:54:54Z,2025-10-07,2032-10-07,Spot,7Y,7.000684462696783,USD,0.034627,"5,000,000",,NEWT,TRAD,IR,USD-SOFR-OIS Compound,QZPB5VSBGRCD,1752085718,,,false,MNTH,3,MNTH,6,2025-10-03T12:52:30.805308,2025-10-03T12:52:30.805308
