Trade Time,Effective Date,Expiration Date,Tenor,Currency,Rates,Notionals,Dv01,Frequency,Action Type,Event Type,Asset Class,UPI Underlier Name,Unique Product Identifier,Dissemination Identifier,Other Payment Type,Created At
2025-10-02T10:01:33,2026-02-10,2027-02-10,0.999315537303217,USD,0.032855,140000000.0,459.66,,NEWT,TRAD,IR,USD-SOFR-COMPOUND,QZXQ4R16245X,1753663996,,2025-10-02T10:01:57.602442
2025-10-02T10:01:07,2027-09-15,2027-12-15,0.24914442162902123,EUR,0.021707,2100000000.0,1135.72,,NEWT,TRAD,IR,EUR-EURIBOR,QZTZT7M91RN9,1753663755,,2025-10-02T10:01:57.602442
2025-10-02T10:01:07,2027-09-15,2027-12-15,0.24914442162902123,EUR,0.021707,2100000000.0,1135.72,,MODI,TRAD,IR,EUR-EURIBOR,QZTZT7M91RN9,1753663756,,2025-10-02T10:01:57.602442
2025-10-02T10:00:52,2025-10-02,2035-10-02,9.998631074606434,GBP,0.0,10000000.0,,,NEWT,TRAD,IR,GBP-SONIA-OIS Compound,QZWP6249QPX9,1753663735,,2025-10-02T10:01:57.602442
2025-10-02T10:00:47,2025-10-06,2030-04-06,4.498288843258043,USD,0.032955,12000000.0,177.89,,NEWT,TRAD,IR,USD-SOFR-COMPOUND,QZXQ4R16245X,1753663720,,2025-10-02T10:01:57.602442
2025-10-02T10:00:12,2025-10-06,2055-10-06,29.998631074606433,EUR,0.0292,5000000.0,437.98,,NEWT,TRAD,IR,EUR-EURIBOR-Reuters,QZD2D5QW48H3,1753663594,,2025-10-02T10:00:56.888339
2025-10-02T10:00:00,2025-05-07,2045-05-07,20.0,USD,0.040285,11000000.0,886.27,,NEWT,TRAD,IR,USD-SOFR-COMPOUND,QZXQ4R16245X,1753663522,UFRO,2025-10-02T10:00:56.888339
2025-10-02T10:00:00,2025-05-30,2045-05-30,20.0,USD,0.04144,9000000.0,745.92,,NEWT,TRAD,IR,USD-SOFR-COMPOUND,QZXQ4R16245X,1753663523,UFRO,2025-10-02T10:00:56.888339
2025-10-02T10:00:00,2025-06-03,2045-06-03,20.0,USD,0.041095,7000000.0,575.33,,NEWT,TRAD,IR,USD-SOFR-COMPOUND,QZXQ4R16245X,1753663524,UFRO,2025-10-02T10:00:56.888339
2025-10-02T10:00:00,2025-09-30,2045-09-30,20.0,USD,0.04003,11000000.0,880.66,,NEWT,TRAD,IR,USD-SOFR-COMPOUND,QZXQ4R16245X,1753663525,UFRO,2025-10-02T10:00:56.888339
2025-10-02T10:00:00,2025-09-30,2045-09-30,20.0,USD,0.04008,14000000.0,1122.24,,NEWT,TRAD,IR,USD-SOFR-COMPOUND,QZXQ4R16245X,1753663526,UFRO,2025-10-02T10:00:56.888339
2025-10-02T09:59:37,2025-10-06,2030-10-06,4.999315537303217,EUR,0.02304,25000000.0,287.96,,NEWT,TRAD,IR,EUR-EURIBOR,QZCBMKRX88GF,1753663393,,2025-10-02T10:00:56.888339
2025-10-02T09:59:37,2025-10-06,2030-10-06,4.999315537303217,EUR,0.02375,25000000.0,296.83,,NEWT,TRAD,IR,EUR-EURIBOR,QZLD2DP407JN,1753663394,,2025-10-02T10:00:56.888339
2025-10-02T09:59:13,2025-08-25,2045-08-25,20.0,EUR,0.029545,340000.0,20.09,,NEWT,TRAD,IR,EUR-EURIBOR-Reuters,QZD2D5QW48H3,1753663261,UFRO,2025-10-02T09:59:54.523567
2025-10-02T09:59:13,2025-08-27,2035-08-27,9.998631074606434,EUR,0.027055,7000000.0,189.36,,NEWT,TRAD,IR,EUR-EURIBOR-Reuters,QZD2D5QW48H3,1753663262,UFRO,2025-10-02T09:59:54.523567
2025-10-02T09:59:13,2025-03-05,2055-03-05,29.998631074606433,EUR,0.02249,430000.0,29.01,,NEWT,TRAD,IR,EUR-EURIBOR-Reuters,QZD2D5QW48H3,1753663263,UFRO,2025-10-02T09:59:54.523567
2025-10-02T09:59:13,2025-08-27,2030-08-27,4.999315537303217,EUR,0.02358,5000000.0,58.94,,NEWT,TRAD,IR,EUR-EURIBOR-Reuters,QZD2D5QW48H3,1753663264,UFRO,2025-10-02T09:59:54.523567
2025-10-02T09:59:13,2025-08-27,2045-08-27,20.0,EUR,0.029695,170000.0,10.1,,NEWT,TRAD,IR,EUR-EURIBOR-Reuters,QZD2D5QW48H3,1753663265,UFRO,2025-10-02T09:59:54.523567
2025-10-02T09:59:13,2025-08-06,2030-08-06,4.999315537303217,EUR,0.023135,9000000.0,104.09,,NEWT,TRAD,IR,EUR-EURIBOR-Reuters,QZD2D5QW48H3,1753663266,UFRO,2025-10-02T09:59:54.523567
2025-10-02T09:59:13,2025-08-25,2030-08-25,4.999315537303217,EUR,0.023635,11000000.0,129.97,,NEWT,TRAD,IR,EUR-EURIBOR-Reuters,QZD2D5QW48H3,1753663267,UFRO,2025-10-02T09:59:54.523567
2025-10-02T09:59:13,2025-08-25,2055-08-25,29.998631074606433,EUR,0.02912,70000.0,6.11,,NEWT,TRAD,IR,EUR-EURIBOR-Reuters,QZD2D5QW48H3,1753663268,UFRO,2025-10-02T09:59:54.523567
2025-10-02T09:59:13,2025-08-08,2035-08-08,9.998631074606434,EUR,0.026275,8000000.0,210.17,,NEWT,TRAD,IR,EUR-EURIBOR-Reuters,QZD2D5QW48H3,1753663269,UFRO,2025-10-02T09:59:54.523567
2025-10-02T09:59:13,2025-08-06,2035-08-06,9.998631074606434,EUR,0.02617,70000.0,1.83,,NEWT,TRAD,IR,EUR-EURIBOR-Reuters,QZD2D5QW48H3,1753663270,UFRO,2025-10-02T09:59:54.523567
2025-10-02T09:59:13,2025-08-29,2035-08-29,9.998631074606434,EUR,0.026755,8000000.0,214.01,,NEWT,TRAD,IR,EUR-EURIBOR-Reuters,QZD2D5QW48H3,1753663271,UFRO,2025-10-02T09:59:54.523567
2025-10-02T09:59:13,2025-07-28,2035-07-28,9.998631074606434,EUR,0.026515,2000000.0,53.02,,NEWT,TRAD,IR,EUR-EURIBOR-Reuters,QZD2D5QW48H3,1753663272,UFRO,2025-10-02T09:59:54.523567
2025-10-02T09:59:13,2025-08-25,2055-08-25,29.998631074606433,EUR,0.02923,3000000.0,263.06,,NEWT,TRAD,IR,EUR-EURIBOR-Reuters,QZD2D5QW48H3,1753663273,UFRO,2025-10-02T09:59:54.523567
2025-10-02T09:59:13,2025-08-07,2030-08-07,4.999315537303217,EUR,0.023055,7000000.0,80.68,,NEWT,TRAD,IR,EUR-EURIBOR-Reuters,QZD2D5QW48H3,1753663274,UFRO,2025-10-02T09:59:54.523567
2025-10-02T09:59:13,2025-08-29,2055-08-29,29.998631074606433,EUR,0.02902,2000000.0,174.11,,NEWT,TRAD,IR,EUR-EURIBOR-Reuters,QZD2D5QW48H3,1753663275,UFRO,2025-10-02T09:59:54.523567
2025-10-02T09:59:13,2025-08-06,2030-08-06,4.999315537303217,EUR,0.02309,7000000.0,80.8,,NEWT,TRAD,IR,EUR-EURIBOR-Reuters,QZD2D5QW48H3,1753663277,UFRO,2025-10-02T09:59:54.523567
2025-10-02T09:59:13,2025-05-19,2035-05-19,9.998631074606434,EUR,0.026145,400000.0,10.46,,NEWT,TRAD,IR,EUR-EURIBOR-Reuters,QZD2D5QW48H3,1753663286,UFRO,2025-10-02T09:59:54.523567
2025-10-02T09:59:13,2025-08-01,2035-08-01,9.998631074606434,EUR,0.026665,7000000.0,186.63,,NEWT,TRAD,IR,EUR-EURIBOR-Reuters,QZD2D5QW48H3,1753663288,UFRO,2025-10-02T09:59:54.523567
2025-10-02T09:59:13,2025-08-29,2030-08-29,4.999315537303217,EUR,0.02328,7000000.0,81.47,,NEWT,TRAD,IR,EUR-EURIBOR-Reuters,QZD2D5QW48H3,1753663289,UFRO,2025-10-02T09:59:54.523567
2025-10-02T09:59:13,2025-08-06,2055-08-06,29.998631074606433,EUR,0.02879,7000000.0,604.56,,NEWT,TRAD,IR,EUR-EURIBOR-Reuters,QZD2D5QW48H3,1753663290,UFRO,2025-10-02T09:59:54.523567
2025-10-02T09:59:13,2025-08-25,2035-08-25,9.998631074606434,EUR,0.027,6000000.0,161.98,,NEWT,TRAD,IR,EUR-EURIBOR-Reuters,QZD2D5QW48H3,1753663292,UFRO,2025-10-02T09:59:54.523567
2025-10-02T09:59:13,2025-08-29,2045-08-29,20.0,EUR,0.029535,230000.0,13.59,,NEWT,TRAD,IR,EUR-EURIBOR-Reuters,QZD2D5QW48H3,1753663293,UFRO,2025-10-02T09:59:54.523567
2025-10-02T09:59:13,2025-08-27,2055-08-27,29.998631074606433,EUR,0.02935,2000000.0,176.09,,NEWT,TRAD,IR,EUR-EURIBOR-Reuters,QZD2D5QW48H3,1753663294,UFRO,2025-10-02T09:59:54.523567
2025-10-02T09:59:13,2025-08-06,2035-08-06,9.998631074606434,EUR,0.02675,11000000.0,294.21,,NEWT,TRAD,IR,EUR-EURIBOR-Reuters,QZD2D5QW48H3,1753663296,UFRO,2025-10-02T09:59:54.523567
2025-10-02T09:59:13,2025-08-25,2035-08-25,9.998631074606434,EUR,0.026895,7000000.0,188.24,,NEWT,TRAD,IR,EUR-EURIBOR-Reuters,QZD2D5QW48H3,1753663297,UFRO,2025-10-02T09:59:54.523567
2025-10-02T09:58:39,2025-10-06,2035-10-06,9.998631074606434,EUR,0.026743,100000000.0,2673.93,,NEWT,TRAD,IR,EUR-EURIBOR,QZLD2DP407JN,1753663299,,2025-10-02T09:59:54.523567
2025-10-02T09:58:35,2024-12-18,2055-12-07,30.967830253251197,GBP,0.0418408,29000000.0,3757.58,,NEWT,TRAD,IR,GBP-SONIA-OIS Compound,QZWP6249QPX9,1753663232,,2025-10-02T09:59:54.523567
2025-10-02T09:58:35,2025-02-13,2055-07-12,30.406570841889117,GBP,0.042069,30000000.0,3837.52,,NEWT,TRAD,IR,GBP-SONIA-COMPOUND,QZ0W41WLZFFQ,1753663233,UFRO,2025-10-02T09:59:54.523567
2025-10-02T09:58:25,2025-10-06,2030-10-06,4.999315537303217,EUR,0.02378,370000.0,4.4,,NEWT,TRAD,IR,EUR-EURIBOR-Reuters,QZD2D5QW48H3,1753663096,,2025-10-02T09:58:53.361733
2025-10-02T09:58:02,2027-05-21,2032-05-21,5.002053388090349,USD,0.03845191,5.0,,,TERM,COMP,IR,USD-SOFR-OIS Compound,QZPB5VSBGRCD,1753663568,UFRO;UFRO;UFRO;UFRO;UFRO;UFRO;UFRO;UFRO;UFRO;UFRO,2025-10-02T10:01:57.602442
2025-10-02T09:58:02,2027-05-21,2032-05-21,5.002053388090349,USD,0.03845191,5.0,,,TERM,COMP,IR,USD-SOFR-OIS Compound,QZPB5VSBGRCD,1753663568,UFRO;UFRO;UFRO;UFRO;UFRO;UFRO;UFRO;UFRO;UFRO;UFRO,2025-10-02T10:00:56.888339
2025-10-02T09:57:57,2027-05-21,2032-05-21,5.002053388090349,USD,0.03845191,5.0,,,TERM,COMP,IR,USD-SOFR-OIS Compound,QZPB5VSBGRCD,1753663246,UFRO;UFRO;UFRO;UFRO;UFRO;UFRO;UFRO;UFRO;UFRO;UFRO,2025-10-02T10:01:57.602442
2025-10-02T09:57:57,2027-05-21,2032-05-21,5.002053388090349,USD,0.03845191,5.0,,,TERM,COMP,IR,USD-SOFR-OIS Compound,QZPB5VSBGRCD,1753663246,UFRO;UFRO;UFRO;UFRO;UFRO;UFRO;UFRO;UFRO;UFRO;UFRO,2025-10-02T10:00:56.888339
2025-10-02T09:57:57,2027-05-21,2032-05-21,5.002053388090349,USD,0.03845191,5.0,,,TERM,COMP,IR,USD-SOFR-OIS Compound,QZPB5VSBGRCD,1753663246,UFRO;UFRO;UFRO;UFRO;UFRO;UFRO;UFRO;UFRO;UFRO;UFRO,2025-10-02T09:59:54.523567
2025-10-02T09:57:52,2023-10-17,2033-10-17,10.001368925393566,USD,0.0428,5.0,,,TERM,COMP,IR,USD-SOFR-OIS Compound,QZPB5VSBGRCD,1753663327,UFRO;UFRO;UFRO;UFRO;UFRO;UFRO;UFRO;UFRO;UFRO;UFRO,2025-10-02T10:01:57.602442
2025-10-02T09:57:52,2023-10-17,2033-10-17,10.001368925393566,USD,0.0428,5.0,,,TERM,COMP,IR,USD-SOFR-OIS Compound,QZPB5VSBGRCD,1753663327,UFRO;UFRO;UFRO;UFRO;UFRO;UFRO;UFRO;UFRO;UFRO;UFRO,2025-10-02T10:00:56.888339
2025-10-02T09:57:52,2023-10-17,2033-10-17,10.001368925393566,USD,0.0428,5.0,,,TERM,COMP,IR,USD-SOFR-OIS Compound,QZPB5VSBGRCD,1753663327,UFRO;UFRO;UFRO;UFRO;UFRO;UFRO;UFRO;UFRO;UFRO;UFRO,2025-10-02T09:59:54.523567
2025-10-02T09:57:47,2023-10-17,2033-10-17,10.001368925393566,USD,0.0428,5.0,,,TERM,COMP,IR,USD-SOFR-OIS Compound,QZPB5VSBGRCD,1753663219,UFRO;UFRO;UFRO;UFRO;UFRO;UFRO;UFRO;UFRO;UFRO;UFRO,2025-10-02T10:01:57.602442
2025-10-02T09:57:47,2023-10-17,2033-10-17,10.001368925393566,USD,0.0428,5.0,,,TERM,COMP,IR,USD-SOFR-OIS Compound,QZPB5VSBGRCD,1753663219,UFRO;UFRO;UFRO;UFRO;UFRO;UFRO;UFRO;UFRO;UFRO;UFRO,2025-10-02T10:00:56.888339
2025-10-02T09:57:47,2023-10-17,2033-10-17,10.001368925393566,USD,0.0428,5.0,,,TERM,COMP,IR,USD-SOFR-OIS Compound,QZPB5VSBGRCD,1753663219,UFRO;UFRO;UFRO;UFRO;UFRO;UFRO;UFRO;UFRO;UFRO;UFRO,2025-10-02T09:59:54.523567
2025-10-02T09:57:47,2023-10-17,2033-10-17,10.001368925393566,USD,0.0428,5.0,,,TERM,COMP,IR,USD-SOFR-OIS Compound,QZPB5VSBGRCD,1753663219,UFRO;UFRO;UFRO;UFRO;UFRO;UFRO;UFRO;UFRO;UFRO;UFRO,2025-10-02T09:58:53.361733
2025-10-02T09:57:41,2035-05-21,2055-05-21,20.0,USD,0.0421304,5.0,,,TERM,COMP,IR,USD-SOFR-OIS Compound,QZPB5VSBGRCD,1753663499,UFRO;UFRO;UFRO;UFRO;UFRO;UFRO;UFRO;UFRO;UFRO;UFRO,2025-10-02T10:01:57.602442
2025-10-02T09:57:41,2035-05-21,2055-05-21,20.0,USD,0.0421304,5.0,,,TERM,COMP,IR,USD-SOFR-OIS Compound,QZPB5VSBGRCD,1753663499,UFRO;UFRO;UFRO;UFRO;UFRO;UFRO;UFRO;UFRO;UFRO;UFRO,2025-10-02T10:00:56.888339
2025-10-02T09:57:36,2035-05-21,2055-05-21,20.0,USD,0.0421304,5.0,,,TERM,COMP,IR,USD-SOFR-OIS Compound,QZPB5VSBGRCD,1753663228,UFRO;UFRO;UFRO;UFRO;UFRO;UFRO;UFRO;UFRO;UFRO;UFRO,2025-10-02T10:01:57.602442
2025-10-02T09:57:36,2035-05-21,2055-05-21,20.0,USD,0.0421304,5.0,,,TERM,COMP,IR,USD-SOFR-OIS Compound,QZPB5VSBGRCD,1753663228,UFRO;UFRO;UFRO;UFRO;UFRO;UFRO;UFRO;UFRO;UFRO;UFRO,2025-10-02T10:00:56.888339
2025-10-02T09:57:36,2035-05-21,2055-05-21,20.0,USD,0.0421304,5.0,,,TERM,COMP,IR,USD-SOFR-OIS Compound,QZPB5VSBGRCD,1753663228,UFRO;UFRO;UFRO;UFRO;UFRO;UFRO;UFRO;UFRO;UFRO;UFRO,2025-10-02T09:59:54.523567
2025-10-02T09:56:43,2025-10-10,2054-11-22,29.117043121149898,GBP,0.046465,2000000.0,270.58,,NEWT,TRAD,IR,GBP-SONIA-COMPOUND,QZ0W41WLZFFQ,1753661723,,2025-10-02T09:57:27.594981
2025-10-02T09:56:41,2027-03-17,2027-09-15,0.49828884325804246,EUR,0.02097,400000000.0,417.96,,NEWT,TRAD,IR,EUR-EURIBOR,QZCBMKRX88GF,1753661708,,2025-10-02T10:00:56.888339
2025-10-02T09:56:41,2027-03-17,2027-09-15,0.49828884325804246,EUR,0.02097,400000000.0,417.96,,MODI,TRAD,IR,EUR-EURIBOR,QZCBMKRX88GF,1753661712,,2025-10-02T10:00:56.888339
2025-10-02T09:56:41,2027-03-17,2027-09-15,0.49828884325804246,EUR,0.02097,400000000.0,417.96,,MODI,TRAD,IR,EUR-EURIBOR,QZCBMKRX88GF,1753661712,,2025-10-02T09:59:54.523567
2025-10-02T09:56:41,2027-03-17,2027-09-15,0.49828884325804246,EUR,0.02097,400000000.0,417.96,,MODI,TRAD,IR,EUR-EURIBOR,QZCBMKRX88GF,1753661712,,2025-10-02T09:58:53.361733
2025-10-02T09:56:41,2027-03-17,2027-09-15,0.49828884325804246,EUR,0.02097,400000000.0,417.96,,MODI,TRAD,IR,EUR-EURIBOR,QZCBMKRX88GF,1753661712,,2025-10-02T09:58:11.127288
2025-10-02T09:56:41,2027-03-17,2027-09-15,0.49828884325804246,EUR,0.02097,400000000.0,417.96,,MODI,TRAD,IR,EUR-EURIBOR,QZCBMKRX88GF,1753661712,,2025-10-02T09:57:27.594981
2025-10-02T09:56:38,2030-10-07,2035-10-07,4.999315537303217,EUR,0.030126,19000000.0,286.16,,NEWT,TRAD,IR,EUR-EURIBOR,QZLD2DP407JN,1753661703,,2025-10-02T09:57:27.594981
2025-10-02T09:56:33,2027-03-17,2027-09-15,0.49828884325804246,EUR,0.02177,400000000.0,433.91,,NEWT,TRAD,IR,EUR-EURIBOR,QZN585NDC2QW,1753661695,,2025-10-02T10:00:56.888339
2025-10-02T09:56:33,2027-03-17,2027-09-15,0.49828884325804246,EUR,0.02177,400000000.0,433.91,,MODI,TRAD,IR,EUR-EURIBOR,QZN585NDC2QW,1753661704,,2025-10-02T10:00:56.888339
2025-10-02T09:56:33,2027-03-17,2027-09-15,0.49828884325804246,EUR,0.02177,400000000.0,433.91,,MODI,TRAD,IR,EUR-EURIBOR,QZN585NDC2QW,1753661704,,2025-10-02T09:59:54.523567
2025-10-02T09:56:33,2027-03-17,2027-09-15,0.49828884325804246,EUR,0.02177,400000000.0,433.91,,MODI,TRAD,IR,EUR-EURIBOR,QZN585NDC2QW,1753661704,,2025-10-02T09:58:53.361733
2025-10-02T09:56:33,2027-03-17,2027-09-15,0.49828884325804246,EUR,0.02177,400000000.0,433.91,,MODI,TRAD,IR,EUR-EURIBOR,QZN585NDC2QW,1753661704,,2025-10-02T09:58:11.127288
2025-10-02T09:56:33,2027-03-17,2027-09-15,0.49828884325804246,EUR,0.02177,400000000.0,433.91,,MODI,TRAD,IR,EUR-EURIBOR,QZN585NDC2QW,1753661704,,2025-10-02T09:57:27.594981
2025-10-02T09:56:28,2025-10-06,2037-10-06,12.0,USD,0.037103,2000000.0,89.05,,NEWT,TRAD,IR,USD-SOFR-COMPOUND,QZXQ4R16245X,1753661710,,2025-10-02T09:57:27.594981
2025-10-02T09:56:25,2025-10-03,2035-10-03,9.998631074606434,AUD,0.042775,61000000.0,2608.92,,NEWT,TRAD,IR,AUD-BBSW,QZSP34M4RS41,1753661680,,2025-10-02T09:56:40.265081
2025-10-02T09:56:25,2025-10-03,2035-10-03,9.998631074606434,AUD,0.042775,61000000.0,2608.92,,NEWT,TRAD,IR,AUD-BBSW,QZSP34M4RS41,1753661680,,2025-10-02T09:56:40.225602
2025-10-02T09:56:18,2026-03-18,2036-03-18,10.001368925393566,JPY,0.0155696,20000000.0,311.43,,NEWT,TRAD,IR,JPY-TONA-OIS-COMPOUND,QZV61TRS4HD9,1753661694,UFRO,2025-10-02T09:57:27.594981
2025-10-02T09:56:17,2026-03-18,2036-03-18,10.001368925393566,JPY,0.0135964,20000000.0,271.97,,NEWT,TRAD,IR,JPY-TONA-OIS-COMPOUND,QZV61TRS4HD9,1753661693,UFRO,2025-10-02T09:57:27.594981
2025-10-02T09:55:47,2025-10-06,2035-10-06,9.998631074606434,EUR,0.033575,40000000.0,1342.82,,NEWT,TRAD,IR,EUR-EURIBOR,QZLD2DP407JN,1753661936,,2025-10-02T09:58:11.127288
2025-10-02T09:55:25,2025-10-06,2026-10-06,0.999315537303217,EUR,-0.00025,297618000.0,-7.44,,CORR,,IR,EUR-EuroSTR-OIS Compound vs USD-SOFR-OIS Compound,QZ91WLM7JQC1,1753661428,,2025-10-02T09:59:54.523567
2025-10-02T09:55:25,2025-10-06,2026-10-06,0.999315537303217,EUR,-0.00025,297618000.0,-7.44,,CORR,,IR,EUR-EuroSTR-OIS Compound vs USD-SOFR-OIS Compound,QZ91WLM7JQC1,1753661428,,2025-10-02T09:58:53.361733
2025-10-02T09:55:25,2025-10-06,2026-10-06,0.999315537303217,EUR,-0.00025,297618000.0,-7.44,,CORR,,IR,EUR-EuroSTR-OIS Compound vs USD-SOFR-OIS Compound,QZ91WLM7JQC1,1753661428,,2025-10-02T09:58:11.127288
2025-10-02T09:55:25,2025-10-06,2026-10-06,0.999315537303217,EUR,-0.00025,297618000.0,-7.44,,CORR,,IR,EUR-EuroSTR-OIS Compound vs USD-SOFR-OIS Compound,QZ91WLM7JQC1,1753661428,,2025-10-02T09:57:27.594981
2025-10-02T09:55:25,2025-10-06,2026-10-06,0.999315537303217,EUR,-0.00025,297618000.0,-7.44,,CORR,,IR,EUR-EuroSTR-OIS Compound vs USD-SOFR-OIS Compound,QZ91WLM7JQC1,1753661428,,2025-10-02T09:56:40.265081
2025-10-02T09:55:25,2025-10-06,2026-10-06,0.999315537303217,EUR,-0.00025,297618000.0,-7.44,,CORR,,IR,EUR-EuroSTR-OIS Compound vs USD-SOFR-OIS Compound,QZ91WLM7JQC1,1753661428,,2025-10-02T09:56:40.225602
2025-10-02T09:55:17,2025-10-06,2035-10-06,9.998631074606434,EUR,0.02723,85000000.0,2314.23,,NEWT,TRAD,IR,EUR-EURIBOR-Reuters,QZFXR5M3KKN0,1753661427,,2025-10-02T09:56:40.265081
2025-10-02T09:55:17,2025-10-06,2035-10-06,9.998631074606434,EUR,0.02723,85000000.0,2314.23,,NEWT,TRAD,IR,EUR-EURIBOR-Reuters,QZFXR5M3KKN0,1753661427,,2025-10-02T09:56:40.225602
2025-10-02T09:55:15,2025-12-18,2026-02-05,0.13415468856947296,GBP,0.038793,1100000000.0,572.47,,CORR,,IR,GBP-SONIA-OIS Compound,QZWP6249QPX9,1753661380,UFRO,2025-10-02T09:59:54.523567
2025-10-02T09:55:15,2025-12-18,2026-02-05,0.13415468856947296,GBP,0.038793,1100000000.0,572.47,,CORR,,IR,GBP-SONIA-OIS Compound,QZWP6249QPX9,1753661380,UFRO,2025-10-02T09:58:53.361733
2025-10-02T09:55:15,2025-12-18,2026-02-05,0.13415468856947296,GBP,0.038793,1100000000.0,572.47,,CORR,,IR,GBP-SONIA-OIS Compound,QZWP6249QPX9,1753661380,UFRO,2025-10-02T09:58:11.127288
2025-10-02T09:55:15,2025-12-18,2026-02-05,0.13415468856947296,GBP,0.038793,1100000000.0,572.47,,CORR,,IR,GBP-SONIA-OIS Compound,QZWP6249QPX9,1753661380,UFRO,2025-10-02T09:57:27.594981
2025-10-02T09:55:15,2025-12-18,2026-02-05,0.13415468856947296,GBP,0.038793,1100000000.0,572.47,,CORR,,IR,GBP-SONIA-OIS Compound,QZWP6249QPX9,1753661380,UFRO,2025-10-02T09:56:40.265081
2025-10-02T09:55:15,2025-12-18,2026-02-05,0.13415468856947296,GBP,0.038793,1100000000.0,572.47,,CORR,,IR,GBP-SONIA-OIS Compound,QZWP6249QPX9,1753661380,UFRO,2025-10-02T09:56:40.225602
2025-10-02T09:55:13,2025-10-06,2030-10-06,4.999315537303217,EUR,0.02215,57000000.0,631.19,,NEWT,EXER,IR,EUR-EURIBOR-Reuters,QZD2D5QW48H3,1753661378,,2025-10-02T09:56:40.265081
2025-10-02T09:55:13,2025-10-06,2030-10-06,4.999315537303217,EUR,0.02215,57000000.0,631.19,,NEWT,EXER,IR,EUR-EURIBOR-Reuters,QZD2D5QW48H3,1753661378,,2025-10-02T09:56:40.225602
2025-10-02T09:55:11,2025-10-06,2030-10-06,4.999315537303217,EUR,0.02215,57000000.0,631.19,,NEWT,TRAD,IR,EUR-EURIBOR-Reuters,QZFXR5M3KKN0,1753661426,,2025-10-02T09:56:40.265081
2025-10-02T09:55:11,2025-10-06,2030-10-06,4.999315537303217,EUR,0.02215,57000000.0,631.19,,NEWT,TRAD,IR,EUR-EURIBOR-Reuters,QZFXR5M3KKN0,1753661426,,2025-10-02T09:56:40.225602
2025-10-02T09:55:10,2025-10-06,2030-10-06,4.999315537303217,USD,0.033187,1000000.0,16.59,,NEWT,TRAD,IR,USD-SOFR-COMPOUND,QZXQ4R16245X,1753661403,,2025-10-02T09:56:40.265081
2025-10-02T09:55:10,2025-10-06,2030-10-06,4.999315537303217,USD,0.033187,1000000.0,16.59,,NEWT,TRAD,IR,USD-SOFR-COMPOUND,QZXQ4R16245X,1753661403,,2025-10-02T09:56:40.225602
2025-10-02T09:55:07,2025-10-06,2030-10-06,4.999315537303217,EUR,0.02184,50000000.0,545.93,,NEWT,EXER,IR,EUR-EURIBOR-Reuters,QZD2D5QW48H3,1753661346,,2025-10-02T09:56:40.265081
2025-10-02T09:55:07,2025-10-06,2030-10-06,4.999315537303217,EUR,0.02184,50000000.0,545.93,,NEWT,EXER,IR,EUR-EURIBOR-Reuters,QZD2D5QW48H3,1753661346,,2025-10-02T09:56:40.225602
2025-10-02T09:55:06,2025-10-06,2030-10-06,4.999315537303217,EUR,0.02184,50000000.0,545.93,,NEWT,TRAD,IR,EUR-EURIBOR-Reuters,QZFXR5M3KKN0,1753661379,,2025-10-02T09:56:40.265081
2025-10-02T09:55:06,2025-10-06,2030-10-06,4.999315537303217,EUR,0.02184,50000000.0,545.93,,NEWT,TRAD,IR,EUR-EURIBOR-Reuters,QZFXR5M3KKN0,1753661379,,2025-10-02T09:56:40.225602
2025-10-02T09:55:02,2025-10-06,2040-10-06,15.000684462696784,EUR,0.02878,50000000.0,2158.6,,NEWT,TRAD,IR,EUR-EURIBOR,QZLD2DP407JN,1753661353,,2025-10-02T09:56:40.265081
2025-10-02T09:55:02,2025-10-06,2040-10-06,15.000684462696784,EUR,0.02865,50000000.0,2148.85,,NEWT,TRAD,IR,EUR-EURIBOR,QZLD2DP407JN,1753661354,,2025-10-02T09:56:40.265081
2025-10-02T09:55:02,2025-10-06,2040-10-06,15.000684462696784,EUR,0.02878,50000000.0,2158.6,,NEWT,TRAD,IR,EUR-EURIBOR,QZLD2DP407JN,1753661353,,2025-10-02T09:56:40.225602
2025-10-02T09:55:02,2025-10-06,2040-10-06,15.000684462696784,EUR,0.02865,50000000.0,2148.85,,NEWT,TRAD,IR,EUR-EURIBOR,QZLD2DP407JN,1753661354,,2025-10-02T09:56:40.225602
2025-10-02T09:55:01,2027-03-17,2027-09-15,0.49828884325804246,EUR,0.02177,600000000.0,650.86,,MODI,TRAD,IR,EUR-EURIBOR,QZN585NDC2QW,1753661245,,2025-10-02T09:58:53.361733
2025-10-02T09:55:01,2027-03-17,2027-09-15,0.49828884325804246,EUR,0.02177,600000000.0,650.86,,MODI,TRAD,IR,EUR-EURIBOR,QZN585NDC2QW,1753661245,,2025-10-02T09:58:11.127288
2025-10-02T09:55:01,2027-03-17,2027-09-15,0.49828884325804246,EUR,0.02177,600000000.0,650.86,,MODI,TRAD,IR,EUR-EURIBOR,QZN585NDC2QW,1753661245,,2025-10-02T09:57:27.594981
2025-10-02T09:55:01,2027-03-17,2027-09-15,0.49828884325804246,EUR,0.02177,600000000.0,650.86,,MODI,TRAD,IR,EUR-EURIBOR,QZN585NDC2QW,1753661245,,2025-10-02T09:56:40.265081
2025-10-02T09:55:01,2027-03-17,2027-09-15,0.49828884325804246,EUR,0.02177,600000000.0,650.86,,MODI,TRAD,IR,EUR-EURIBOR,QZN585NDC2QW,1753661245,,2025-10-02T09:56:40.225602
2025-10-02T09:55:00,2027-03-17,2027-09-15,0.49828884325804246,EUR,0.02097,600000000.0,626.95,,MODI,TRAD,IR,EUR-EURIBOR,QZCBMKRX88GF,1753661246,,2025-10-02T09:58:53.361733
2025-10-02T09:55:00,2027-03-17,2027-09-15,0.49828884325804246,EUR,0.02097,600000000.0,626.95,,MODI,TRAD,IR,EUR-EURIBOR,QZCBMKRX88GF,1753661246,,2025-10-02T09:58:11.127288
2025-10-02T09:55:00,2027-03-17,2027-09-15,0.49828884325804246,EUR,0.02097,600000000.0,626.95,,MODI,TRAD,IR,EUR-EURIBOR,QZCBMKRX88GF,1753661246,,2025-10-02T09:57:27.594981
2025-10-02T09:55:00,2027-03-17,2027-09-15,0.49828884325804246,EUR,0.02097,600000000.0,626.95,,MODI,TRAD,IR,EUR-EURIBOR,QZCBMKRX88GF,1753661246,,2025-10-02T09:56:40.265081
2025-10-02T09:55:00,2027-03-17,2027-09-15,0.49828884325804246,EUR,0.02097,600000000.0,626.95,,MODI,TRAD,IR,EUR-EURIBOR,QZCBMKRX88GF,1753661246,,2025-10-02T09:56:40.225602
2025-10-02T09:54:51,2025-10-06,2035-10-06,9.998631074606434,EUR,0.0267531,100000000.0,2674.94,,MODI,TRAD,IR,EUR-EURIBOR,QZLD2DP407JN,1753661641,,2025-10-02T09:59:54.523567
2025-10-02T09:54:51,2025-10-06,2035-10-06,9.998631074606434,EUR,0.0267531,100000000.0,2674.94,,MODI,TRAD,IR,EUR-EURIBOR,QZLD2DP407JN,1753661242,,2025-10-02T09:58:53.361733
2025-10-02T09:54:51,2025-10-06,2035-10-06,9.998631074606434,EUR,0.0267531,100000000.0,2674.94,,MODI,TRAD,IR,EUR-EURIBOR,QZLD2DP407JN,1753661641,,2025-10-02T09:58:53.361733
2025-10-02T09:54:51,2025-10-06,2035-10-06,9.998631074606434,EUR,0.0267531,100000000.0,2674.94,,MODI,TRAD,IR,EUR-EURIBOR,QZLD2DP407JN,1753661242,,2025-10-02T09:58:11.127288
2025-10-02T09:54:51,2025-10-06,2035-10-06,9.998631074606434,EUR,0.0267531,100000000.0,2674.94,,MODI,TRAD,IR,EUR-EURIBOR,QZLD2DP407JN,1753661641,,2025-10-02T09:58:11.127288
2025-10-02T09:54:51,2025-10-06,2035-10-06,9.998631074606434,EUR,0.0267531,100000000.0,2674.94,,MODI,TRAD,IR,EUR-EURIBOR,QZLD2DP407JN,1753661242,,2025-10-02T09:57:27.594981
2025-10-02T09:54:51,2025-10-06,2035-10-06,9.998631074606434,EUR,0.0267531,100000000.0,2674.94,,MODI,TRAD,IR,EUR-EURIBOR,QZLD2DP407JN,1753661641,,2025-10-02T09:57:27.594981
2025-10-02T09:54:51,2025-10-06,2035-10-06,9.998631074606434,EUR,0.0267531,100000000.0,2674.94,,MODI,TRAD,IR,EUR-EURIBOR,QZLD2DP407JN,1753661242,,2025-10-02T09:56:40.265081
2025-10-02T09:54:51,2025-10-06,2035-10-06,9.998631074606434,EUR,0.0267531,100000000.0,2674.94,,MODI,TRAD,IR,EUR-EURIBOR,QZLD2DP407JN,1753661641,,2025-10-02T09:56:40.265081
2025-10-02T09:54:51,2025-10-06,2035-10-06,9.998631074606434,EUR,0.0267531,100000000.0,2674.94,,MODI,TRAD,IR,EUR-EURIBOR,QZLD2DP407JN,1753661242,,2025-10-02T09:56:40.225602
2025-10-02T09:54:51,2025-10-06,2035-10-06,9.998631074606434,EUR,0.0267531,100000000.0,2674.94,,MODI,TRAD,IR,EUR-EURIBOR,QZLD2DP407JN,1753661641,,2025-10-02T09:56:40.225602
2025-10-02T09:54:41,2025-10-15,2026-10-15,0.999315537303217,GBP,0.033,160000000.0,527.64,,NEWT,TRAD,IR,UK-RPI,QZNT02GDGVWG,1753661231,,2025-10-02T09:56:40.265081
2025-10-02T09:54:41,2025-10-15,2026-10-15,0.999315537303217,GBP,0.033,160000000.0,527.64,,NEWT,TRAD,IR,UK-RPI,QZNT02GDGVWG,1753661231,,2025-10-02T09:56:40.225602
2025-10-02T09:54:40,2025-10-15,2027-10-15,1.998631074606434,GBP,0.0,160000000.0,,,NEWT,TRAD,IR,UK-RPI,QZNT02GDGVWG,1753661119,,2025-10-02T09:56:40.265081
2025-10-02T09:54:40,2025-10-15,2027-10-15,1.998631074606434,GBP,0.0,160000000.0,,,NEWT,TRAD,IR,UK-RPI,QZNT02GDGVWG,1753661119,,2025-10-02T09:56:40.225602
2025-10-02T09:54:38,2025-09-15,2027-09-15,1.998631074606434,GBP,0.03315,160000000.0,1060.07,,NEWT,TRAD,IR,UK-RPI,QZNT02GDGVWG,1753661118,,2025-10-02T09:56:40.265081
2025-10-02T09:54:38,2025-09-15,2026-09-15,0.999315537303217,GBP,0.0,160000000.0,,,NEWT,TRAD,IR,UK-RPI,QZNT02GDGVWG,1753661120,,2025-10-02T09:56:40.265081
2025-10-02T09:54:38,2025-09-15,2027-09-15,1.998631074606434,GBP,0.03315,160000000.0,1060.07,,NEWT,TRAD,IR,UK-RPI,QZNT02GDGVWG,1753661118,,2025-10-02T09:56:40.225602
2025-10-02T09:54:38,2025-09-15,2026-09-15,0.999315537303217,GBP,0.0,160000000.0,,,NEWT,TRAD,IR,UK-RPI,QZNT02GDGVWG,1753661120,,2025-10-02T09:56:40.225602
2025-10-02T09:54:18,2025-10-02,2026-03-30,0.49007529089664614,EUR,0.0,200000000.0,,,NEWT,TRAD,IR,NA/Swap Fxd Flt EUR,QZC55WZBKV10,1753663112,,2025-10-02T09:58:53.361733
2025-10-02T09:54:04,2025-09-30,2027-09-30,1.998631074606434,USD,0.0343525,260000000.0,1785.11,,NEWT,TRAD,IR,USD-SOFR-COMPOUND,QZXQ4R16245X,1753660999,UFRO,2025-10-02T09:56:40.265081
2025-10-02T09:54:04,2025-09-25,2027-08-31,1.9301848049281314,USD,0.0336308,270000000.0,1752.67,,NEWT,TRAD,IR,USD-SOFR-COMPOUND,QZXQ4R16245X,1753661001,UFRO,2025-10-02T09:56:40.265081
2025-10-02T09:54:04,2025-09-30,2027-09-30,1.998631074606434,USD,0.0343525,260000000.0,1785.11,,NEWT,TRAD,IR,USD-SOFR-COMPOUND,QZXQ4R16245X,1753660999,UFRO,2025-10-02T09:56:40.225602
2025-10-02T09:54:04,2025-09-25,2027-08-31,1.9301848049281314,USD,0.0336308,270000000.0,1752.67,,NEWT,TRAD,IR,USD-SOFR-COMPOUND,QZXQ4R16245X,1753661001,UFRO,2025-10-02T09:56:40.225602
2025-10-02T09:54:02,2025-10-06,2035-10-06,9.998631074606434,EUR,0.026843,150000000.0,4025.9,,NEWT,TRAD,IR,EUR-EURIBOR,QZLD2DP407JN,1753660975,,2025-10-02T09:56:40.265081
2025-10-02T09:54:02,2025-10-06,2035-10-06,9.998631074606434,EUR,0.026843,150000000.0,4025.9,,NEWT,TRAD,IR,EUR-EURIBOR,QZLD2DP407JN,1753660975,,2025-10-02T09:56:40.225602
2025-10-02T09:54:00,2025-10-06,2028-10-06,3.0006844626967832,SEK,-0.001475,598686000.0,-264.98,,CORR,,IR,SEK-STIBOR vs USD-SOFR-OIS Compound,QZFTVXHB50N2,1753660964,,2025-10-02T09:58:11.127288
2025-10-02T09:54:00,2025-10-06,2028-10-06,3.0006844626967832,SEK,-0.001475,598686000.0,-264.98,,CORR,,IR,SEK-STIBOR vs USD-SOFR-OIS Compound,QZFTVXHB50N2,1753660964,,2025-10-02T09:57:27.594981
2025-10-02T09:54:00,2025-10-06,2028-10-06,3.0006844626967832,SEK,-0.001475,598686000.0,-264.98,,CORR,,IR,SEK-STIBOR vs USD-SOFR-OIS Compound,QZFTVXHB50N2,1753660964,,2025-10-02T09:56:40.265081
2025-10-02T09:54:00,2025-10-06,2028-10-06,3.0006844626967832,SEK,-0.001475,598686000.0,-264.98,,CORR,,IR,SEK-STIBOR vs USD-SOFR-OIS Compound,QZFTVXHB50N2,1753660964,,2025-10-02T09:56:40.225602
2025-10-02T09:53:59,2050-09-19,2055-09-19,4.999315537303217,USD,0.035523,26000000.0,461.74,,NEWT,TRAD,IR,USD-SOFR-COMPOUND,QZXQ4R16245X,1753660993,UFRO,2025-10-02T09:56:40.265081
2025-10-02T09:53:59,2027-09-20,2028-09-20,1.002053388090349,USD,0.030417,14000000.0,42.67,,NEWT,TRAD,IR,USD-SOFR-COMPOUND,QZXQ4R16245X,1753660994,UFRO,2025-10-02T09:56:40.265081
2025-10-02T09:53:59,2032-09-20,2033-09-20,0.999315537303217,USD,0.038794,21000000.0,81.41,,NEWT,TRAD,IR,USD-SOFR-COMPOUND,QZXQ4R16245X,1753660995,UFRO,2025-10-02T09:56:40.265081
2025-10-02T09:53:59,2031-09-18,2032-09-18,1.002053388090349,USD,0.037169,56000000.0,208.57,,NEWT,TRAD,IR,USD-SOFR-COMPOUND,QZXQ4R16245X,1753660996,UFRO,2025-10-02T09:56:40.265081
2025-10-02T09:53:59,2034-09-18,2035-09-18,0.999315537303217,USD,0.041515,74000000.0,307.0,,NEWT,TRAD,IR,USD-SOFR-COMPOUND,QZXQ4R16245X,1753660997,UFRO,2025-10-02T09:56:40.265081
2025-10-02T09:53:59,2035-09-18,2037-09-18,2.001368925393566,USD,0.043034,7000000.0,60.29,,NEWT,TRAD,IR,USD-SOFR-COMPOUND,QZXQ4R16245X,1753660998,UFRO,2025-10-02T09:56:40.265081
2025-10-02T09:53:59,2045-09-18,2050-09-18,4.999315537303217,USD,0.039519,13000000.0,256.84,,NEWT,TRAD,IR,USD-SOFR-COMPOUND,QZXQ4R16245X,1753661000,UFRO,2025-10-02T09:56:40.265081
2025-10-02T09:53:59,2030-09-18,2031-09-18,0.999315537303217,USD,0.035457,38000000.0,134.64,,NEWT,TRAD,IR,USD-SOFR-COMPOUND,QZXQ4R16245X,1753661002,UFRO,2025-10-02T09:56:40.265081
2025-10-02T09:53:59,2033-09-19,2034-09-19,0.999315537303217,USD,0.040212,77000000.0,309.42,,NEWT,TRAD,IR,USD-SOFR-COMPOUND,QZXQ4R16245X,1753661003,UFRO,2025-10-02T09:56:40.265081
2025-10-02T09:53:59,2026-09-18,2027-09-18,0.999315537303217,USD,0.029623,64000000.0,189.46,,NEWT,TRAD,IR,USD-SOFR-COMPOUND,QZXQ4R16245X,1753661004,UFRO,2025-10-02T09:56:40.265081
2025-10-02T09:53:59,2025-09-18,2026-09-18,0.999315537303217,USD,0.036004,47000000.0,169.1,,NEWT,TRAD,IR,USD-SOFR-COMPOUND,QZXQ4R16245X,1753661005,UFRO,2025-10-02T09:56:40.265081
2025-10-02T09:53:59,2040-09-18,2045-09-18,4.999315537303217,USD,0.043383,32000000.0,694.03,,NEWT,TRAD,IR,USD-SOFR-COMPOUND,QZXQ4R16245X,1753661006,UFRO,2025-10-02T09:56:40.265081
2025-10-02T09:53:59,2050-09-19,2055-09-19,4.999315537303217,USD,0.035523,26000000.0,461.74,,NEWT,TRAD,IR,USD-SOFR-COMPOUND,QZXQ4R16245X,1753660993,UFRO,2025-10-02T09:56:40.225602
2025-10-02T09:53:59,2027-09-20,2028-09-20,1.002053388090349,USD,0.030417,14000000.0,42.67,,NEWT,TRAD,IR,USD-SOFR-COMPOUND,QZXQ4R16245X,1753660994,UFRO,2025-10-02T09:56:40.225602
2025-10-02T09:53:59,2032-09-20,2033-09-20,0.999315537303217,USD,0.038794,21000000.0,81.41,,NEWT,TRAD,IR,USD-SOFR-COMPOUND,QZXQ4R16245X,1753660995,UFRO,2025-10-02T09:56:40.225602
2025-10-02T09:53:59,2031-09-18,2032-09-18,1.002053388090349,USD,0.037169,56000000.0,208.57,,NEWT,TRAD,IR,USD-SOFR-COMPOUND,QZXQ4R16245X,1753660996,UFRO,2025-10-02T09:56:40.225602
2025-10-02T09:53:59,2034-09-18,2035-09-18,0.999315537303217,USD,0.041515,74000000.0,307.0,,NEWT,TRAD,IR,USD-SOFR-COMPOUND,QZXQ4R16245X,1753660997,UFRO,2025-10-02T09:56:40.225602
2025-10-02T09:53:59,2035-09-18,2037-09-18,2.001368925393566,USD,0.043034,7000000.0,60.29,,NEWT,TRAD,IR,USD-SOFR-COMPOUND,QZXQ4R16245X,1753660998,UFRO,2025-10-02T09:56:40.225602
2025-10-02T09:53:59,2045-09-18,2050-09-18,4.999315537303217,USD,0.039519,13000000.0,256.84,,NEWT,TRAD,IR,USD-SOFR-COMPOUND,QZXQ4R16245X,1753661000,UFRO,2025-10-02T09:56:40.225602
2025-10-02T09:53:59,2030-09-18,2031-09-18,0.999315537303217,USD,0.035457,38000000.0,134.64,,NEWT,TRAD,IR,USD-SOFR-COMPOUND,QZXQ4R16245X,1753661002,UFRO,2025-10-02T09:56:40.225602
2025-10-02T09:53:59,2033-09-19,2034-09-19,0.999315537303217,USD,0.040212,77000000.0,309.42,,NEWT,TRAD,IR,USD-SOFR-COMPOUND,QZXQ4R16245X,1753661003,UFRO,2025-10-02T09:56:40.225602
2025-10-02T09:53:59,2026-09-18,2027-09-18,0.999315537303217,USD,0.029623,64000000.0,189.46,,NEWT,TRAD,IR,USD-SOFR-COMPOUND,QZXQ4R16245X,1753661004,UFRO,2025-10-02T09:56:40.225602
2025-10-02T09:53:59,2025-09-18,2026-09-18,0.999315537303217,USD,0.036004,47000000.0,169.1,,NEWT,TRAD,IR,USD-SOFR-COMPOUND,QZXQ4R16245X,1753661005,UFRO,2025-10-02T09:56:40.225602
2025-10-02T09:53:59,2040-09-18,2045-09-18,4.999315537303217,USD,0.043383,32000000.0,694.03,,NEWT,TRAD,IR,USD-SOFR-COMPOUND,QZXQ4R16245X,1753661006,UFRO,2025-10-02T09:56:40.225602
2025-10-02T09:53:55,2025-10-06,2028-10-06,3.0006844626967832,SEK,-0.001475,598686000.0,-264.98,,CORR,,IR,SEK-STIBOR vs USD-SOFR-OIS Compound,QZFTVXHB50N2,1753660948,,2025-10-02T09:58:11.127288
2025-10-02T09:53:55,2025-10-06,2028-10-06,3.0006844626967832,SEK,-0.001475,598686000.0,-264.98,,CORR,,IR,SEK-STIBOR vs USD-SOFR-OIS Compound,QZFTVXHB50N2,1753660948,,2025-10-02T09:57:27.594981
2025-10-02T09:53:55,2025-10-06,2028-10-06,3.0006844626967832,SEK,-0.001475,598686000.0,-264.98,,CORR,,IR,SEK-STIBOR vs USD-SOFR-OIS Compound,QZFTVXHB50N2,1753660948,,2025-10-02T09:56:40.265081
2025-10-02T09:53:55,2025-10-06,2028-10-06,3.0006844626967832,SEK,-0.001475,598686000.0,-264.98,,CORR,,IR,SEK-STIBOR vs USD-SOFR-OIS Compound,QZFTVXHB50N2,1753660948,,2025-10-02T09:56:40.225602
2025-10-02T09:53:54,2025-10-06,2026-09-25,0.9691991786447639,EUR,0.018955,600000000.0,1102.27,,NEWT,TRAD,IR,EUR-EuroSTR-COMPOUND,QZMQ7FVR9T7X,1753660944,,2025-10-02T09:56:40.265081
2025-10-02T09:53:54,2025-10-06,2027-09-25,1.9685147159479808,EUR,0.019165,300000000.0,1131.8,,NEWT,TRAD,IR,EUR-EuroSTR-COMPOUND,QZMQ7FVR9T7X,1753660947,,2025-10-02T09:56:40.265081
2025-10-02T09:53:54,2025-10-06,2026-09-25,0.9691991786447639,EUR,0.018955,600000000.0,1102.27,,NEWT,TRAD,IR,EUR-EuroSTR-COMPOUND,QZMQ7FVR9T7X,1753660944,,2025-10-02T09:56:40.225602
2025-10-02T09:53:54,2025-10-06,2027-09-25,1.9685147159479808,EUR,0.019165,300000000.0,1131.8,,NEWT,TRAD,IR,EUR-EuroSTR-COMPOUND,QZMQ7FVR9T7X,1753660947,,2025-10-02T09:56:40.225602
2025-10-02T09:53:26,2025-10-06,2035-10-06,9.998631074606434,EUR,0.0267431,150000000.0,4010.92,,NEWT,TRAD,IR,EUR-EURIBOR,QZLD2DP407JN,1753660914,,2025-10-02T09:56:40.265081
2025-10-02T09:53:26,2025-10-06,2035-10-06,9.998631074606434,EUR,0.0267431,150000000.0,4010.92,,NEWT,TRAD,IR,EUR-EURIBOR,QZLD2DP407JN,1753660914,,2025-10-02T09:56:40.225602
2025-10-02T09:53:06,2025-10-06,2032-10-06,7.000684462696783,EUR,0.025072,19000000.0,333.49,,NEWT,TRAD,IR,EUR-EURIBOR-Reuters,QZD2D5QW48H3,1753660890,,2025-10-02T09:56:40.265081
2025-10-02T09:53:06,2025-10-06,2028-10-06,3.0006844626967832,EUR,0.02225,42000000.0,280.41,,NEWT,TRAD,IR,EUR-EURIBOR-Reuters,QZD2D5QW48H3,1753660891,,2025-10-02T09:56:40.265081
2025-10-02T09:53:06,2025-10-06,2032-10-06,7.000684462696783,EUR,0.025072,19000000.0,333.49,,NEWT,TRAD,IR,EUR-EURIBOR-Reuters,QZD2D5QW48H3,1753660890,,2025-10-02T09:56:40.225602
2025-10-02T09:53:06,2025-10-06,2028-10-06,3.0006844626967832,EUR,0.02225,42000000.0,280.41,,NEWT,TRAD,IR,EUR-EURIBOR-Reuters,QZD2D5QW48H3,1753660891,,2025-10-02T09:56:40.225602
2025-10-02T09:52:59,2025-10-06,2027-10-06,1.998631074606434,EUR,0.0225,320000000.0,1439.01,,NEWT,EXER,IR,EUR-EURIBOR,QZLD2DP407JN,1753660826,,2025-10-02T09:56:40.265081
2025-10-02T09:52:59,2025-10-06,2027-10-06,1.998631074606434,EUR,0.0225,320000000.0,1439.01,,NEWT,EXER,IR,EUR-EURIBOR,QZLD2DP407JN,1753660826,,2025-10-02T09:56:40.225602
2025-10-02T09:52:36,2025-12-17,2030-12-18,5.002053388090349,SEK,0.022,340000000.0,3741.54,,NEWT,TRAD,IR,SEK-STIBOR-SIDE,QZFZQ2GNH18C,1753660794,UFRO,2025-10-02T09:56:40.265081
2025-10-02T09:52:36,2025-12-17,2027-12-15,1.9931553730321698,SEK,0.019,220000000.0,833.14,,NEWT,TRAD,IR,SEK-STIBOR-SIDE,QZFZQ2GNH18C,1753660795,UFRO,2025-10-02T09:56:40.265081
2025-10-02T09:52:36,2025-12-17,2030-12-18,5.002053388090349,SEK,0.022,340000000.0,3741.54,,NEWT,TRAD,IR,SEK-STIBOR-SIDE,QZFZQ2GNH18C,1753660794,UFRO,2025-10-02T09:56:40.225602
2025-10-02T09:52:36,2025-12-17,2027-12-15,1.9931553730321698,SEK,0.019,220000000.0,833.14,,NEWT,TRAD,IR,SEK-STIBOR-SIDE,QZFZQ2GNH18C,1753660795,UFRO,2025-10-02T09:56:40.225602
2025-10-02T09:52:34,2025-12-18,2026-02-05,0.13415468856947296,GBP,0.038793,1100000000.0,572.47,,CORR,,IR,GBP-SONIA-OIS Compound,QZWP6249QPX9,1753660780,UFRO,2025-10-02T09:58:11.127288
2025-10-02T09:52:34,2025-12-18,2026-02-05,0.13415468856947296,GBP,0.038793,1100000000.0,572.47,,CORR,,IR,GBP-SONIA-OIS Compound,QZWP6249QPX9,1753660780,UFRO,2025-10-02T09:57:27.594981
2025-10-02T09:52:34,2025-12-18,2026-02-05,0.13415468856947296,GBP,0.038793,1100000000.0,572.47,,CORR,,IR,GBP-SONIA-OIS Compound,QZWP6249QPX9,1753660780,UFRO,2025-10-02T09:56:40.265081
2025-10-02T09:52:34,2025-12-18,2026-02-05,0.13415468856947296,GBP,0.038793,1100000000.0,572.47,,CORR,,IR,GBP-SONIA-OIS Compound,QZWP6249QPX9,1753660780,UFRO,2025-10-02T09:56:40.225602
2025-10-02T09:52:10,2025-10-02,2035-10-31,10.078028747433265,EUR,0.0249637,78000000.0,1962.36,,NEWT,TRAD,IR,EUR-EuroSTR-COMPOUND,QZMQ7FVR9T7X,1753660689,,2025-10-02T09:56:40.265081
2025-10-02T09:52:10,2025-08-08,2035-10-31,10.22861054072553,EUR,0.0,78000000.0,,,NEWT,TRAD,IR,EUR-EuroSTR-COMPOUND,QZMQ7FVR9T7X,1753660690,,2025-10-02T09:56:40.265081
2025-10-02T09:52:10,2025-10-02,2035-10-31,10.078028747433265,EUR,0.0249637,78000000.0,1962.36,,NEWT,TRAD,IR,EUR-EuroSTR-COMPOUND,QZMQ7FVR9T7X,1753660689,,2025-10-02T09:56:40.225602
2025-10-02T09:52:10,2025-08-08,2035-10-31,10.22861054072553,EUR,0.0,78000000.0,,,NEWT,TRAD,IR,EUR-EuroSTR-COMPOUND,QZMQ7FVR9T7X,1753660690,,2025-10-02T09:56:40.225602
2025-10-02T09:51:57,2025-12-17,2035-12-17,9.998631074606434,AUD,0.0432,46000000.0,1986.93,,CORR,,IR,AUD-BBSW,QZSP34M4RS41,1753661055,,2025-10-02T09:58:53.361733
2025-10-02T09:51:57,2025-12-17,2035-12-17,9.998631074606434,AUD,0.0432,46000000.0,1986.93,,CORR,,IR,AUD-BBSW,QZSP34M4RS41,1753661055,,2025-10-02T09:58:11.127288
2025-10-02T09:51:57,2025-12-17,2035-12-17,9.998631074606434,AUD,0.0432,46000000.0,1986.93,,CORR,,IR,AUD-BBSW,QZSP34M4RS41,1753661055,,2025-10-02T09:57:27.594981
2025-10-02T09:51:57,2025-12-17,2035-12-17,9.998631074606434,AUD,0.0432,46000000.0,1986.93,,CORR,,IR,AUD-BBSW,QZSP34M4RS41,1753661055,,2025-10-02T09:56:40.265081
2025-10-02T09:51:57,2025-12-17,2035-12-17,9.998631074606434,AUD,0.0432,46000000.0,1986.93,,CORR,,IR,AUD-BBSW,QZSP34M4RS41,1753661055,,2025-10-02T09:56:40.225602
2025-10-02T09:51:48,2025-10-06,2027-10-06,1.998631074606434,GBP,0.037482,10000000.0,74.91,,NEWT,TRAD,IR,GBP-SONIA-COMPOUND,QZ0W41WLZFFQ,1753660549,,2025-10-02T09:56:40.265081
2025-10-02T09:51:48,2025-10-06,2027-10-06,1.998631074606434,GBP,0.037482,10000000.0,74.91,,NEWT,TRAD,IR,GBP-SONIA-COMPOUND,QZ0W41WLZFFQ,1753660549,,2025-10-02T09:56:40.225602
2025-10-02T09:51:47,2025-10-06,2035-10-06,9.998631074606434,EUR,0.024915,71000000.0,1768.72,,NEWT,TRAD,IR,EUR-EuroSTR-OIS Compound,QZVBC83XWXG9,1753660949,,2025-10-02T09:56:40.265081
2025-10-02T09:51:47,2025-10-06,2055-10-06,29.998631074606433,EUR,0.02804,31000000.0,2607.6,,NEWT,TRAD,IR,EUR-EuroSTR-OIS Compound,QZVBC83XWXG9,1753661349,,2025-10-02T09:56:40.265081
2025-10-02T09:51:47,2025-10-06,2035-10-06,9.998631074606434,EUR,0.024915,71000000.0,1768.72,,NEWT,TRAD,IR,EUR-EuroSTR-OIS Compound,QZVBC83XWXG9,1753660949,,2025-10-02T09:56:40.225602
2025-10-02T09:51:47,2025-10-06,2055-10-06,29.998631074606433,EUR,0.02804,31000000.0,2607.6,,NEWT,TRAD,IR,EUR-EuroSTR-OIS Compound,QZVBC83XWXG9,1753661349,,2025-10-02T09:56:40.225602
2025-10-02T09:51:40,2025-10-06,2027-10-06,1.998631074606434,CZK,0.0375,470000000.0,3522.59,,NEWT,TRAD,IR,CZK-PRIBOR-PRBO,QZPQM3FSBCPP,1753659388,,2025-10-02T09:56:40.265081
2025-10-02T09:51:40,2025-10-06,2027-10-06,1.998631074606434,CZK,0.0375,470000000.0,3522.59,,NEWT,TRAD,IR,CZK-PRIBOR-PRBO,QZPQM3FSBCPP,1753659388,,2025-10-02T09:56:40.225602
2025-10-02T09:51:07,2025-10-06,2055-10-06,29.998631074606433,EUR,0.029212,12000000.0,1051.58,,NEWT,TRAD,IR,EUR-EURIBOR-Reuters,QZD2D5QW48H3,1753658173,,2025-10-02T09:56:40.265081
2025-10-02T09:51:07,2025-10-06,2055-10-06,29.998631074606433,EUR,0.029212,12000000.0,1051.58,,NEWT,TRAD,IR,EUR-EURIBOR-Reuters,QZD2D5QW48H3,1753658173,,2025-10-02T09:56:40.225602
2025-10-02T09:51:06,2026-03-18,2026-09-16,0.49828884325804246,EUR,0.01981,937860037.0,,,NEWT,TRAD,IR,EUR-EURIBOR,QZCBMKRX88GF,1753658106,,2025-10-02T09:58:11.127288
2025-10-02T09:51:06,2026-03-18,2026-09-16,0.49828884325804246,EUR,0.01981,937860037.0,,,MODI,TRAD,IR,EUR-EURIBOR,QZCBMKRX88GF,1753658107,,2025-10-02T09:58:11.127288
2025-10-02T09:51:06,2026-03-18,2026-09-16,0.49828884325804246,EUR,0.01981,937860037.0,,,MODI,TRAD,IR,EUR-EURIBOR,QZCBMKRX88GF,1753658107,,2025-10-02T09:57:27.594981
2025-10-02T09:51:06,2026-03-18,2026-09-16,0.49828884325804246,EUR,0.01981,937860037.0,,,MODI,TRAD,IR,EUR-EURIBOR,QZCBMKRX88GF,1753658107,,2025-10-02T09:56:40.265081
2025-10-02T09:51:06,2026-03-18,2026-09-16,0.49828884325804246,EUR,0.01981,937860037.0,,,MODI,TRAD,IR,EUR-EURIBOR,QZCBMKRX88GF,1753658107,,2025-10-02T09:56:40.225602
2025-10-02T09:50:45,2026-03-18,2026-09-16,0.49828884325804246,EUR,0.0207,937860037.0,,,NEWT,TRAD,IR,EUR-EURIBOR,QZN585NDC2QW,1753658017,,2025-10-02T09:56:40.265081
2025-10-02T09:50:45,2026-03-18,2026-09-16,0.49828884325804246,EUR,0.0207,937860037.0,,,MODI,TRAD,IR,EUR-EURIBOR,QZN585NDC2QW,1753658018,,2025-10-02T09:56:40.265081
2025-10-02T09:50:45,2025-09-30,2025-12-15,0.2080766598220397,JPY,0.021525,4400000000.0,1970.69,,TERM,ETRM,IR,NA/Swap OIS JPY,QZZ79ZHQGX5X,1753658021,,2025-10-02T09:56:40.265081
2025-10-02T09:50:45,2026-03-18,2026-09-16,0.49828884325804246,EUR,0.0207,937860037.0,,,NEWT,TRAD,IR,EUR-EURIBOR,QZN585NDC2QW,1753658017,,2025-10-02T09:56:40.225602
2025-10-02T09:50:45,2026-03-18,2026-09-16,0.49828884325804246,EUR,0.0207,937860037.0,,,MODI,TRAD,IR,EUR-EURIBOR,QZN585NDC2QW,1753658018,,2025-10-02T09:56:40.225602
2025-10-02T09:50:45,2025-09-30,2025-12-15,0.2080766598220397,JPY,0.021525,4400000000.0,1970.69,,TERM,ETRM,IR,NA/Swap OIS JPY,QZZ79ZHQGX5X,1753658021,,2025-10-02T09:56:40.225602
2025-10-02T09:50:42,2025-09-30,2025-12-15,0.2080766598220397,JPY,0.0215875,4400000000.0,1976.42,,TERM,ETRM,IR,NA/Swap OIS JPY,QZMF91K69MQ6,1753658019,,2025-10-02T09:56:40.265081
2025-10-02T09:50:42,2025-09-30,2025-12-15,0.2080766598220397,JPY,0.0215875,4400000000.0,1976.42,,TERM,ETRM,IR,NA/Swap OIS JPY,QZMF91K69MQ6,1753658019,,2025-10-02T09:56:40.225602
2025-10-02T09:50:41,2025-09-30,2025-12-15,0.2080766598220397,JPY,0.021525,4400000000.0,1970.69,,TERM,ETRM,IR,NA/Swap OIS JPY,QZMF91K69MQ6,1753658020,,2025-10-02T09:56:40.265081
2025-10-02T09:50:41,2025-09-30,2025-12-15,0.2080766598220397,JPY,0.021525,4400000000.0,1970.69,,TERM,ETRM,IR,NA/Swap OIS JPY,QZMF91K69MQ6,1753658020,,2025-10-02T09:56:40.225602
2025-10-02T09:50:37,2025-10-06,2037-10-06,12.0,EUR,0.027672,16000000.0,531.3,,NEWT,TRAD,IR,EUR-EURIBOR-Reuters,QZD2D5QW48H3,1753658032,,2025-10-02T09:56:40.265081
2025-10-02T09:50:37,2025-10-06,2028-10-06,3.0006844626967832,EUR,0.022235,59000000.0,393.65,,NEWT,TRAD,IR,EUR-EURIBOR-Reuters,QZD2D5QW48H3,1753658033,,2025-10-02T09:56:40.265081
2025-10-02T09:50:37,2025-10-06,2037-10-06,12.0,EUR,0.027672,16000000.0,531.3,,NEWT,TRAD,IR,EUR-EURIBOR-Reuters,QZD2D5QW48H3,1753658032,,2025-10-02T09:56:40.225602
2025-10-02T09:50:37,2025-10-06,2028-10-06,3.0006844626967832,EUR,0.022235,59000000.0,393.65,,NEWT,TRAD,IR,EUR-EURIBOR-Reuters,QZD2D5QW48H3,1753658033,,2025-10-02T09:56:40.225602
2025-10-02T09:50:34,2030-09-18,2035-09-18,4.999315537303217,JPY,0.0040625,16175973600.0,32852.95,,TERM,ETRM,IR,JPY-TONA-OIS Compound vs USD-SOFR-OIS Compound,QZR118Q9NWN9,1753658009,,2025-10-02T09:56:40.265081
2025-10-02T09:50:34,2030-09-18,2035-09-18,4.999315537303217,JPY,0.0040625,16175973600.0,32852.95,,TERM,ETRM,IR,JPY-TONA-OIS Compound vs USD-SOFR-OIS Compound,QZR118Q9NWN9,1753658009,,2025-10-02T09:56:40.225602
2025-10-02T09:50:27,2025-10-02,2026-01-02,0.2518822724161533,EUR,0.02028,250000000.0,127.7,,MODI,TRAD,IR,NA/Swap Fxd Flt EUR,QZTJB5QG5B1B,1753658016,,2025-10-02T09:56:40.265081
2025-10-02T09:50:27,2025-10-02,2026-01-02,0.2518822724161533,EUR,0.02028,250000000.0,127.7,,MODI,TRAD,IR,NA/Swap Fxd Flt EUR,QZTJB5QG5B1B,1753658016,,2025-10-02T09:56:40.225602
2025-10-02T09:49:55,2025-10-15,2027-10-15,1.998631074606434,GBP,0.033875,50000000.0,338.52,,NEWT,TRAD,IR,UK-RPI,QZ7SLH0F4R5N,1753663741,,2025-10-02T10:01:57.602442
2025-10-02T09:45:06,2025-01-15,2035-01-15,9.998631074606434,EUR,0.0199,11000000.0,218.87,,NEWT,TRAD,IR,FRC-EXT-CPI,QZL9CHGS7DSJ,1753660740,,2025-10-02T09:56:40.265081
2025-10-02T09:45:06,2025-01-15,2030-01-15,4.999315537303217,EUR,0.01715,11000000.0,94.31,,NEWT,TRAD,IR,FRC-EXT-CPI,QZL9CHGS7DSJ,1753660741,,2025-10-02T09:56:40.265081
2025-10-02T09:45:06,2025-01-15,2030-01-15,4.999315537303217,EUR,0.01715,11000000.0,94.31,,NEWT,TRAD,IR,FRC-EXT-CPI,QZL9CHGS7DSJ,1753661229,,2025-10-02T09:56:40.265081
2025-10-02T09:45:06,2025-01-15,2035-01-15,9.998631074606434,EUR,0.0199,11000000.0,218.87,,NEWT,TRAD,IR,FRC-EXT-CPI,QZL9CHGS7DSJ,1753661230,,2025-10-02T09:56:40.265081
2025-10-02T09:45:06,2025-01-15,2035-01-15,9.998631074606434,EUR,0.0199,11000000.0,218.87,,NEWT,TRAD,IR,FRC-EXT-CPI,QZL9CHGS7DSJ,1753660740,,2025-10-02T09:56:40.225602
2025-10-02T09:45:06,2025-01-15,2030-01-15,4.999315537303217,EUR,0.01715,11000000.0,94.31,,NEWT,TRAD,IR,FRC-EXT-CPI,QZL9CHGS7DSJ,1753660741,,2025-10-02T09:56:40.225602
2025-10-02T09:45:06,2025-01-15,2030-01-15,4.999315537303217,EUR,0.01715,11000000.0,94.31,,NEWT,TRAD,IR,FRC-EXT-CPI,QZL9CHGS7DSJ,1753661229,,2025-10-02T09:56:40.225602
2025-10-02T09:45:06,2025-01-15,2035-01-15,9.998631074606434,EUR,0.0199,11000000.0,218.87,,NEWT,TRAD,IR,FRC-EXT-CPI,QZL9CHGS7DSJ,1753661230,,2025-10-02T09:56:40.225602
2025-10-02T09:45:05,2026-09-16,2027-09-16,0.999315537303217,PLN,0.038578,120000000.0,462.62,,NEWT,TRAD,IR,PLN-WIBOR,QZZK8VJK1679,1753656188,,2025-10-02T10:00:56.888339
2025-10-02T09:43:48,2025-08-26,2026-08-26,0.999315537303217,CHF,-0.001125,1000000.0,-0.11,,NEWT,TRAD,IR,CHF-SARON-OIS-COMPOUND,QZJCHH88MJHT,1753655327,UFRO,2025-10-02T09:58:53.361733
2025-10-02T09:43:48,2025-08-28,2027-08-28,1.998631074606434,CHF,-0.000955,1000000.0,-0.19,,NEWT,TRAD,IR,CHF-SARON-OIS-COMPOUND,QZJCHH88MJHT,1753655328,UFRO,2025-10-02T09:58:53.361733
2025-10-02T09:43:48,2025-08-08,2027-08-08,1.998631074606434,CHF,-0.00127,3000000.0,-0.76,,NEWT,TRAD,IR,CHF-SARON-OIS-COMPOUND,QZJCHH88MJHT,1753655329,UFRO,2025-10-02T09:58:53.361733
2025-10-02T09:43:48,2025-08-13,2027-08-13,1.998631074606434,CHF,-0.00157,590000.0,-0.19,,NEWT,TRAD,IR,CHF-SARON-OIS-COMPOUND,QZJCHH88MJHT,1753655330,UFRO,2025-10-02T09:58:53.361733
2025-10-02T09:43:48,2025-08-21,2026-08-21,0.999315537303217,CHF,-0.00133,50000.0,-0.01,,NEWT,TRAD,IR,CHF-SARON-OIS-COMPOUND,QZJCHH88MJHT,1753655331,UFRO,2025-10-02T09:58:53.361733
2025-10-02T09:43:48,2025-08-05,2026-08-05,0.999315537303217,CHF,-0.00116,1000000.0,-0.12,,NEWT,TRAD,IR,CHF-SARON-OIS-COMPOUND,QZJCHH88MJHT,1753655332,UFRO,2025-10-02T09:58:53.361733
2025-10-02T09:43:48,2025-08-08,2026-08-08,0.999315537303217,CHF,-0.0014,1000000.0,-0.14,,NEWT,TRAD,IR,CHF-SARON-OIS-COMPOUND,QZJCHH88MJHT,1753655333,UFRO,2025-10-02T09:58:53.361733
2025-10-02T09:43:48,2025-08-27,2026-08-27,0.999315537303217,CHF,-0.001105,1000000.0,-0.11,,NEWT,TRAD,IR,CHF-SARON-OIS-COMPOUND,QZJCHH88MJHT,1753655334,UFRO,2025-10-02T09:58:53.361733
2025-10-02T09:43:48,2025-07-02,2027-07-02,1.998631074606434,CHF,-0.00122,1000000.0,-0.24,,NEWT,TRAD,IR,CHF-SARON-OIS-COMPOUND,QZJCHH88MJHT,1753655335,UFRO,2025-10-02T09:58:53.361733
2025-10-02T09:43:48,2025-07-02,2027-07-02,1.998631074606434,CHF,-0.001305,9000000.0,-2.35,,NEWT,TRAD,IR,CHF-SARON-OIS-COMPOUND,QZJCHH88MJHT,1753655336,UFRO,2025-10-02T09:58:53.361733
2025-10-02T09:43:48,2025-08-29,2026-08-29,0.999315537303217,CHF,-0.00119,1000000.0,-0.12,,NEWT,TRAD,IR,CHF-SARON-OIS-COMPOUND,QZJCHH88MJHT,1753655337,UFRO,2025-10-02T09:58:53.361733
2025-10-02T09:43:48,2025-08-07,2027-08-07,1.998631074606434,CHF,-0.001255,4000000.0,-1.0,,NEWT,TRAD,IR,CHF-SARON-OIS-COMPOUND,QZJCHH88MJHT,1753655338,UFRO,2025-10-02T09:58:53.361733
2025-10-02T09:43:48,2025-08-26,2027-08-26,1.998631074606434,CHF,-0.00077,4000000.0,-0.62,,NEWT,TRAD,IR,CHF-SARON-OIS-COMPOUND,QZJCHH88MJHT,1753655339,UFRO,2025-10-02T09:58:53.361733
2025-10-02T09:43:48,2025-08-11,2027-08-11,1.998631074606434,CHF,-0.00143,4000000.0,-1.14,,NEWT,TRAD,IR,CHF-SARON-OIS-COMPOUND,QZJCHH88MJHT,1753655340,UFRO,2025-10-02T09:58:53.361733
2025-10-02T09:43:48,2025-08-05,2027-08-05,1.998631074606434,CHF,-0.00075,3000000.0,-0.45,,NEWT,TRAD,IR,CHF-SARON-OIS-COMPOUND,QZJCHH88MJHT,1753655341,UFRO,2025-10-02T09:58:53.361733
2025-10-02T09:43:48,2025-08-11,2026-08-11,0.999315537303217,CHF,-0.00152,1000000.0,-0.15,,NEWT,TRAD,IR,CHF-SARON-OIS-COMPOUND,QZJCHH88MJHT,1753655342,UFRO,2025-10-02T09:58:53.361733
2025-10-02T09:43:48,2025-08-06,2026-08-06,0.999315537303217,CHF,-0.001505,940000.0,-0.14,,NEWT,TRAD,IR,CHF-SARON-OIS-COMPOUND,QZJCHH88MJHT,1753655343,UFRO,2025-10-02T09:58:53.361733
2025-10-02T09:43:48,2025-08-27,2027-08-27,1.998631074606434,CHF,-0.00077,3000000.0,-0.46,,NEWT,TRAD,IR,CHF-SARON-OIS-COMPOUND,QZJCHH88MJHT,1753655344,UFRO,2025-10-02T09:58:53.361733
2025-10-02T09:43:48,2025-08-20,2026-08-20,0.999315537303217,CHF,-0.001425,30000.0,,,NEWT,TRAD,IR,CHF-SARON-OIS-COMPOUND,QZJCHH88MJHT,1753655345,UFRO,2025-10-02T09:58:53.361733
2025-10-02T09:43:48,2025-08-13,2026-08-13,0.999315537303217,CHF,-0.00167,210000.0,-0.04,,NEWT,TRAD,IR,CHF-SARON-OIS-COMPOUND,QZJCHH88MJHT,1753655346,UFRO,2025-10-02T09:58:53.361733
2025-10-02T09:43:48,2025-08-25,2027-08-25,1.998631074606434,CHF,-0.00102,3000000.0,-0.61,,NEWT,TRAD,IR,CHF-SARON-OIS-COMPOUND,QZJCHH88MJHT,1753655348,UFRO,2025-10-02T09:58:53.361733
2025-10-02T09:43:48,2025-08-07,2026-08-07,0.999315537303217,CHF,-0.00151,1000000.0,-0.15,,NEWT,TRAD,IR,CHF-SARON-OIS-COMPOUND,QZJCHH88MJHT,1753655349,UFRO,2025-10-02T09:58:53.361733
2025-10-02T09:43:48,2025-08-21,2027-08-21,1.998631074606434,CHF,-0.0010979,150000.0,-0.03,,NEWT,TRAD,IR,CHF-SARON-OIS-COMPOUND,QZJCHH88MJHT,1753655350,UFRO,2025-10-02T09:58:53.361733
2025-10-02T09:43:48,2025-08-06,2027-08-06,1.998631074606434,CHF,-0.001065,3000000.0,-0.64,,NEWT,TRAD,IR,CHF-SARON-OIS-COMPOUND,QZJCHH88MJHT,1753655351,UFRO,2025-10-02T09:58:53.361733
2025-10-02T09:43:48,2025-08-25,2026-08-25,0.999315537303217,CHF,-0.00124,1000000.0,-0.12,,NEWT,TRAD,IR,CHF-SARON-OIS-COMPOUND,QZJCHH88MJHT,1753655352,UFRO,2025-10-02T09:58:53.361733
2025-10-02T09:43:48,2025-08-28,2026-08-28,0.999315537303217,CHF,-0.001205,1000000.0,-0.12,,NEWT,TRAD,IR,CHF-SARON-OIS-COMPOUND,QZJCHH88MJHT,1753655353,UFRO,2025-10-02T09:58:53.361733
2025-10-02T09:43:48,2025-08-18,2027-08-18,1.998631074606434,CHF,-0.00163,580000.0,-0.19,,NEWT,TRAD,IR,CHF-SARON-OIS-COMPOUND,QZJCHH88MJHT,1753655354,UFRO,2025-10-02T09:58:53.361733
2025-10-02T09:43:48,2025-08-15,2027-08-15,1.998631074606434,CHF,-0.001765,360000.0,-0.13,,NEWT,TRAD,IR,CHF-SARON-OIS-COMPOUND,QZJCHH88MJHT,1753655355,UFRO,2025-10-02T09:58:53.361733
2025-10-02T09:43:48,2025-07-02,2026-07-02,0.999315537303217,CHF,-0.00144,6000000.0,-0.86,,NEWT,TRAD,IR,CHF-SARON-OIS-COMPOUND,QZJCHH88MJHT,1753655356,UFRO,2025-10-02T09:58:53.361733
2025-10-02T09:43:18,2025-12-17,2028-12-17,3.0006844626967832,AUD,0.0371,226875009.0,,,NEWT,TRAD,IR,AUD-BBR-BBSW,QZNXC32WWW1N,1753655143,UFRO,2025-10-02T09:58:53.361733
2025-10-02T09:42:12,2025-10-06,2027-10-06,1.998631074606434,HUF,0.062395,10800000000.0,134680.95,,NEWT,TRAD,IR,HUF-BUBOR-Reuters,QZLBM0LT3N4T,1753654993,,2025-10-02T09:57:27.594981
2025-10-02T09:42:08,2025-09-30,2035-05-11,9.609856262833675,SEK,0.0272,550000000.0,14376.34,,NEWT,TRAD,IR,SEK-STIBOR,QZHWJM34RTZ6,1753655032,UFRO,2025-10-02T09:57:27.594981
2025-10-02T09:41:43,2025-10-02,2028-10-22,3.055441478439425,GBP,0.0374942,35000000.0,400.96,,NEWT,TRAD,IR,GBP-SONIA-OIS Compound,QZTB5WZCZPPL,1753660796,,2025-10-02T09:56:40.265081
2025-10-02T09:41:43,2025-10-02,2028-10-22,3.055441478439425,GBP,0.0374942,35000000.0,400.96,,NEWT,TRAD,IR,GBP-SONIA-OIS Compound,QZTB5WZCZPPL,1753660796,,2025-10-02T09:56:40.225602
2025-10-02T09:39:13,2025-12-17,2030-12-18,5.002053388090349,CHF,0.001,40000000.0,20.01,,NEWT,TRAD,IR,CHF-SARON-OIS-COMPOUND,QZJCHH88MJHT,1753646754,UFRO,2025-10-02T09:56:40.265081
2025-10-02T09:39:13,2025-12-17,2030-12-18,5.002053388090349,CHF,0.001,40000000.0,20.01,,NEWT,TRAD,IR,CHF-SARON-OIS-COMPOUND,QZJCHH88MJHT,1753646754,UFRO,2025-10-02T09:56:40.225602
2025-10-02T09:38:17,2025-12-17,2026-03-17,0.2464065708418891,GBP,0.038814,3100000000.0,2964.85,,NEWT,TRAD,IR,GBP-SONIA-OIS Compound,QZWP6249QPX9,1753646002,,2025-10-02T09:56:40.265081
2025-10-02T09:38:17,2025-12-17,2026-03-17,0.2464065708418891,GBP,0.038814,3100000000.0,2964.85,,NEWT,TRAD,IR,GBP-SONIA-OIS Compound,QZWP6249QPX9,1753646002,,2025-10-02T09:56:40.225602
2025-10-02T09:37:52,2025-10-06,2026-10-06,0.999315537303217,NOK,0.04139,992126484.0,,,NEWT,TRAD,IR,NOK-NIBOR,QZPFDNCG2WMM,1753645830,,2025-10-02T09:56:40.265081
2025-10-02T09:37:52,2025-10-06,2026-10-06,0.999315537303217,NOK,0.04139,992126484.0,,,NEWT,TRAD,IR,NOK-NIBOR,QZPFDNCG2WMM,1753645830,,2025-10-02T09:56:40.225602
2025-10-02T09:37:22,2026-10-15,2030-07-15,3.7481177275838466,JPY,-0.004265,13900000000.0,-22220.15,,MODI,TRAD,IR,JPY-TONA-OIS Compound vs USD-SOFR-OIS Compound,QZR118Q9NWN9,1753663179,PEXH;PEXH,2025-10-02T10:01:57.602442
2025-10-02T09:37:22,2026-10-15,2030-07-15,3.7481177275838466,JPY,-0.004265,13900000000.0,-22220.15,,MODI,TRAD,IR,JPY-TONA-OIS Compound vs USD-SOFR-OIS Compound,QZR118Q9NWN9,1753663179,PEXH;PEXH,2025-10-02T10:00:56.888339
2025-10-02T09:37:22,2026-10-15,2030-07-15,3.7481177275838466,JPY,-0.004265,13900000000.0,-22220.15,,MODI,TRAD,IR,JPY-TONA-OIS Compound vs USD-SOFR-OIS Compound,QZR118Q9NWN9,1753663179,PEXH;PEXH,2025-10-02T09:59:54.523567
2025-10-02T09:37:22,2026-10-15,2030-07-15,3.7481177275838466,JPY,-0.004265,13900000000.0,-22220.15,,MODI,TRAD,IR,JPY-TONA-OIS Compound vs USD-SOFR-OIS Compound,QZR118Q9NWN9,1753663179,PEXH;PEXH,2025-10-02T09:58:53.361733
2025-10-02T09:37:20,2026-03-18,2028-03-15,1.9931553730321698,NOK,0.04,992126484.0,,,NEWT,TRAD,IR,NOK-NIBOR-NIBR,QZGMPDFNJ7FM,1753645243,UFRO,2025-10-02T09:56:40.265081
2025-10-02T09:37:20,2025-12-17,2027-12-15,1.9931553730321698,NOK,0.04,11000000.0,87.7,,NEWT,TRAD,IR,NOK-NIBOR-NIBR,QZGMPDFNJ7FM,1753645244,UFRO,2025-10-02T09:56:40.265081
2025-10-02T09:37:20,2026-03-18,2036-03-19,10.004106776180699,NOK,0.04,290000000.0,11604.76,,NEWT,TRAD,IR,NOK-NIBOR-NIBR,QZGMPDFNJ7FM,1753645245,UFRO,2025-10-02T09:56:40.265081
2025-10-02T09:37:20,2025-12-17,2035-12-19,10.004106776180699,NOK,0.04,1000000.0,40.02,,NEWT,TRAD,IR,NOK-NIBOR-NIBR,QZGMPDFNJ7FM,1753645246,UFRO,2025-10-02T09:56:40.265081
2025-10-02T09:37:20,2026-03-18,2028-03-15,1.9931553730321698,NOK,0.04,992126484.0,,,NEWT,TRAD,IR,NOK-NIBOR-NIBR,QZGMPDFNJ7FM,1753645243,UFRO,2025-10-02T09:56:40.225602
2025-10-02T09:37:20,2025-12-17,2027-12-15,1.9931553730321698,NOK,0.04,11000000.0,87.7,,NEWT,TRAD,IR,NOK-NIBOR-NIBR,QZGMPDFNJ7FM,1753645244,UFRO,2025-10-02T09:56:40.225602
2025-10-02T09:37:20,2026-03-18,2036-03-19,10.004106776180699,NOK,0.04,290000000.0,11604.76,,NEWT,TRAD,IR,NOK-NIBOR-NIBR,QZGMPDFNJ7FM,1753645245,UFRO,2025-10-02T09:56:40.225602
2025-10-02T09:37:20,2025-12-17,2035-12-19,10.004106776180699,NOK,0.04,1000000.0,40.02,,NEWT,TRAD,IR,NOK-NIBOR-NIBR,QZGMPDFNJ7FM,1753645246,UFRO,2025-10-02T09:56:40.225602
2025-10-02T09:37:06,2025-12-17,2030-12-17,4.999315537303217,NOK,0.0392,992126484.0,,,NEWT,TRAD,IR,NOK-NIBOR-NIBR,QZGMPDFNJ7FM,1753645251,UFRO,2025-10-02T09:56:40.265081
2025-10-02T09:37:06,2025-12-17,2027-12-17,1.998631074606434,NOK,0.0394,992126484.0,,,NEWT,TRAD,IR,NOK-NIBOR-NIBR,QZGMPDFNJ7FM,1753645253,UFRO,2025-10-02T09:56:40.265081
2025-10-02T09:37:06,2025-12-17,2035-12-17,9.998631074606434,NOK,0.0401,750000000.0,30070.88,,NEWT,TRAD,IR,NOK-NIBOR-NIBR,QZGMPDFNJ7FM,1753645254,UFRO,2025-10-02T09:56:40.265081
2025-10-02T09:37:06,2025-12-17,2030-12-17,4.999315537303217,NOK,0.0392,992126484.0,,,NEWT,TRAD,IR,NOK-NIBOR-NIBR,QZGMPDFNJ7FM,1753645251,UFRO,2025-10-02T09:56:40.225602
2025-10-02T09:37:06,2025-12-17,2027-12-17,1.998631074606434,NOK,0.0394,992126484.0,,,NEWT,TRAD,IR,NOK-NIBOR-NIBR,QZGMPDFNJ7FM,1753645253,UFRO,2025-10-02T09:56:40.225602
2025-10-02T09:37:06,2025-12-17,2035-12-17,9.998631074606434,NOK,0.0401,750000000.0,30070.88,,NEWT,TRAD,IR,NOK-NIBOR-NIBR,QZGMPDFNJ7FM,1753645254,UFRO,2025-10-02T09:56:40.225602
2025-10-02T09:36:23,2026-10-15,2028-07-15,1.7494866529774127,JPY,-0.004025,23800000000.0,-16759.21,,MODI,TRAD,IR,JPY-TONA-OIS Compound vs USD-SOFR-OIS Compound,QZR118Q9NWN9,1753663180,PEXH;PEXH,2025-10-02T10:01:57.602442
2025-10-02T09:36:23,2026-10-15,2028-07-15,1.7494866529774127,JPY,-0.004025,23800000000.0,-16759.21,,MODI,TRAD,IR,JPY-TONA-OIS Compound vs USD-SOFR-OIS Compound,QZR118Q9NWN9,1753663180,PEXH;PEXH,2025-10-02T10:00:56.888339
2025-10-02T09:36:23,2026-10-15,2028-07-15,1.7494866529774127,JPY,-0.004025,23800000000.0,-16759.21,,MODI,TRAD,IR,JPY-TONA-OIS Compound vs USD-SOFR-OIS Compound,QZR118Q9NWN9,1753663180,PEXH;PEXH,2025-10-02T09:59:54.523567
2025-10-02T09:36:23,2026-10-15,2028-07-15,1.7494866529774127,JPY,-0.004025,23800000000.0,-16759.21,,MODI,TRAD,IR,JPY-TONA-OIS Compound vs USD-SOFR-OIS Compound,QZR118Q9NWN9,1753663180,PEXH;PEXH,2025-10-02T09:58:53.361733
2025-10-02T09:32:20,2025-10-06,2028-10-06,3.0006844626967832,SEK,-0.001475,598686000.0,-264.98,,MODI,TRAD,IR,SEK-STIBOR vs USD-SOFR-OIS Compound,QZFTVXHB50N2,1753660950,PEXH;PEXH;PEXH,2025-10-02T09:58:11.127288
2025-10-02T09:32:20,2025-10-06,2028-10-06,3.0006844626967832,SEK,-0.001475,598686000.0,-264.98,,MODI,TRAD,IR,SEK-STIBOR vs USD-SOFR-OIS Compound,QZFTVXHB50N2,1753660950,PEXH;PEXH;PEXH,2025-10-02T09:57:27.594981
2025-10-02T09:32:20,2025-10-06,2028-10-06,3.0006844626967832,SEK,-0.001475,598686000.0,-264.98,,MODI,TRAD,IR,SEK-STIBOR vs USD-SOFR-OIS Compound,QZFTVXHB50N2,1753660950,PEXH;PEXH;PEXH,2025-10-02T09:56:40.265081
2025-10-02T09:32:20,2025-10-06,2028-10-06,3.0006844626967832,SEK,-0.001475,598686000.0,-264.98,,MODI,TRAD,IR,SEK-STIBOR vs USD-SOFR-OIS Compound,QZFTVXHB50N2,1753660950,PEXH;PEXH;PEXH,2025-10-02T09:56:40.225602
2025-10-02T09:31:42,2025-10-31,2025-12-19,0.13415468856947296,JPY,0.0064,270000000000.0,23181.93,,NEWT,TRAD,IR,JPY-TONA-OIS Compound,QZF08M5TR8H3,1753642959,,2025-10-02T10:01:57.602442
2025-10-02T09:31:42,2025-10-31,2025-12-19,0.13415468856947296,JPY,0.0064,270000000000.0,23181.93,,MODI,TRAD,IR,JPY-TONA-OIS Compound,QZF08M5TR8H3,1753645585,,2025-10-02T10:01:57.602442
2025-10-02T09:30:01,2025-10-06,2026-10-06,0.999315537303217,EUR,-0.00025,297618000.0,-7.44,,MODI,TRAD,IR,EUR-EuroSTR-OIS Compound vs USD-SOFR-OIS Compound,QZ91WLM7JQC1,1753661404,PEXH;PEXH;PEXH,2025-10-02T09:59:54.523567
2025-10-02T09:30:01,2025-10-06,2026-10-06,0.999315537303217,EUR,-0.00025,297618000.0,-7.44,,MODI,TRAD,IR,EUR-EuroSTR-OIS Compound vs USD-SOFR-OIS Compound,QZ91WLM7JQC1,1753661404,PEXH;PEXH;PEXH,2025-10-02T09:58:53.361733
2025-10-02T09:30:01,2025-10-06,2026-10-06,0.999315537303217,EUR,-0.00025,297618000.0,-7.44,,MODI,TRAD,IR,EUR-EuroSTR-OIS Compound vs USD-SOFR-OIS Compound,QZ91WLM7JQC1,1753661404,PEXH;PEXH;PEXH,2025-10-02T09:58:11.127288
2025-10-02T09:30:01,2025-10-06,2026-10-06,0.999315537303217,EUR,-0.00025,297618000.0,-7.44,,MODI,TRAD,IR,EUR-EuroSTR-OIS Compound vs USD-SOFR-OIS Compound,QZ91WLM7JQC1,1753661404,PEXH;PEXH;PEXH,2025-10-02T09:57:27.594981
2025-10-02T09:30:01,2025-10-06,2026-10-06,0.999315537303217,EUR,-0.00025,297618000.0,-7.44,,MODI,TRAD,IR,EUR-EuroSTR-OIS Compound vs USD-SOFR-OIS Compound,QZ91WLM7JQC1,1753661404,PEXH;PEXH;PEXH,2025-10-02T09:56:40.265081
2025-10-02T09:30:01,2025-10-06,2026-10-06,0.999315537303217,EUR,-0.00025,297618000.0,-7.44,,MODI,TRAD,IR,EUR-EuroSTR-OIS Compound vs USD-SOFR-OIS Compound,QZ91WLM7JQC1,1753661404,PEXH;PEXH;PEXH,2025-10-02T09:56:40.225602
2025-10-02T09:28:48,2025-10-06,2027-10-06,1.998631074606434,HUF,0.06245,18000000000.0,224666.12,,NEWT,TRAD,IR,HUF-BUBOR,QZ795PF6C6ZR,1753663742,,2025-10-02T10:01:57.602442
2025-10-02T09:28:24,2025-10-03,2027-10-03,1.998631074606434,TRY,0.342,300000000.0,20505.95,,NEWT,TRAD,IR,TRY-TLREF-OIS Compound,QZ30WXLGD1ZL,1753641082,,2025-10-02T09:58:53.361733
2025-10-02T09:27:07,2025-10-06,2035-10-06,9.998631074606434,CZK,0.04205,650000000.0,27328.76,,MODI,TRAD,IR,CZK-PRIBOR,QZNRMFVTPGKF,1753655284,,2025-10-02T10:01:57.602442
2025-10-02T09:27:07,2025-10-06,2035-10-06,9.998631074606434,CZK,0.04205,650000000.0,27328.76,,MODI,TRAD,IR,CZK-PRIBOR,QZNRMFVTPGKF,1753655284,,2025-10-02T10:00:56.888339
2025-10-02T09:26:40,2025-10-31,2025-12-19,0.13415468856947296,JPY,0.00615,279596791995.0,,,NEWT,TRAD,IR,JPY-TONA-OIS-COMPOUND,QZV61TRS4HD9,1753640079,,2025-10-02T09:57:27.594981
2025-10-02T09:26:40,2025-10-31,2025-12-19,0.13415468856947296,JPY,0.006335,280000000000.0,23796.36,,NEWT,TRAD,IR,JPY-TONA-OIS-COMPOUND,QZV61TRS4HD9,1753640114,,2025-10-02T09:57:27.594981
2025-10-02T09:26:40,2026-01-26,2026-03-19,0.14236824093086928,JPY,0.00695,260000000000.0,25725.94,,NEWT,TRAD,IR,JPY-TONA-OIS-COMPOUND,QZV61TRS4HD9,1753640115,,2025-10-02T09:57:27.594981
2025-10-02T09:25:49,2025-10-09,2027-10-09,1.998631074606434,HKD,0.026,5.0,,,MODI,TRAD,IR,HKD-HIBOR-HIBOR=,QZ5MW6Z4PJRM,1753639698,,2025-10-02T09:59:54.523567
2025-10-02T09:25:49,2025-10-09,2027-10-09,1.998631074606434,HKD,0.026,5.0,,,MODI,TRAD,IR,HKD-HIBOR-HIBOR=,QZ5MW6Z4PJRM,1753639698,,2025-10-02T09:58:53.361733
2025-10-02T09:25:49,2025-10-09,2027-10-09,1.998631074606434,HKD,0.026,5.0,,,MODI,TRAD,IR,HKD-HIBOR-HIBOR=,QZ5MW6Z4PJRM,1753639698,,2025-10-02T09:58:11.127288
2025-10-02T09:25:49,2025-10-09,2027-10-09,1.998631074606434,HKD,0.026,5.0,,,MODI,TRAD,IR,HKD-HIBOR-HIBOR=,QZ5MW6Z4PJRM,1753639698,,2025-10-02T09:57:27.594981
2025-10-02T09:25:49,2025-10-09,2027-10-09,1.998631074606434,HKD,0.026,5.0,,,MODI,TRAD,IR,HKD-HIBOR-HIBOR=,QZ5MW6Z4PJRM,1753639698,,2025-10-02T09:56:40.265081
2025-10-02T09:25:49,2025-10-09,2027-10-09,1.998631074606434,HKD,0.026,5.0,,,MODI,TRAD,IR,HKD-HIBOR-HIBOR=,QZ5MW6Z4PJRM,1753639698,,2025-10-02T09:56:40.225602
2025-10-02T09:22:40,2025-12-17,2030-12-17,4.999315537303217,HKD,0.0,170000000.0,,,TERM,ETRM,IR,HKD-HIBOR,QZL7HVNFFBQH,1753635424,,2025-10-02T09:58:11.127288
2025-10-02T09:22:40,2025-12-17,2030-12-17,4.999315537303217,HKD,0.0,170000000.0,,,TERM,ETRM,IR,HKD-HIBOR,QZL7HVNFFBQH,1753635424,,2025-10-02T09:57:27.594981
2025-10-02T09:22:40,2025-12-17,2030-12-17,4.999315537303217,HKD,0.0,170000000.0,,,TERM,ETRM,IR,HKD-HIBOR,QZL7HVNFFBQH,1753635424,,2025-10-02T09:56:40.265081
2025-10-02T09:22:40,2025-12-17,2030-12-17,4.999315537303217,HKD,0.0,170000000.0,,,TERM,ETRM,IR,HKD-HIBOR,QZL7HVNFFBQH,1753635424,,2025-10-02T09:56:40.225602
2025-10-02T09:21:43,2026-03-18,2026-09-18,0.5037645448323066,EUR,-0.0002,937860037.0,,,NEWT,TRAD,IR,EUR-EuroSTR-OIS Compound vs USD-SOFR-OIS Compound,QZ91WLM7JQC1,1753642687,PEXH;PEXH,2025-10-02T09:56:40.265081
2025-10-02T09:21:43,2026-03-18,2026-09-18,0.5037645448323066,EUR,-0.0002,937860037.0,,,NEWT,TRAD,IR,EUR-EuroSTR-OIS Compound vs USD-SOFR-OIS Compound,QZ91WLM7JQC1,1753642687,PEXH;PEXH,2025-10-02T09:56:40.225602
2025-10-02T09:21:25,2025-12-17,2030-12-17,4.999315537303217,HKD,0.0,170000000.0,,,NEWT,TRAD,IR,HKD-HIBOR,QZL7HVNFFBQH,1753634671,,2025-10-02T09:58:11.127288
2025-10-02T09:21:00,2025-10-02,2026-10-02,0.999315537303217,EUR,0.0155,468930019.0,,,CORR,,IR,NA/Swap Fxd Flt EUR,QZC55WZBKV10,1753655718,,2025-10-02T09:58:11.127288
2025-10-02T09:21:00,2025-10-02,2026-10-02,0.999315537303217,EUR,0.021,468930019.0,,,CORR,,IR,NA/Swap Fxd Flt EUR,QZC55WZBKV10,1753655716,,2025-10-02T09:57:27.594981
2025-10-02T09:21:00,2025-10-02,2026-10-02,0.999315537303217,EUR,0.025,468930019.0,,,CORR,,IR,NA/Swap Fxd Flt EUR,QZC55WZBKV10,1753655717,,2025-10-02T09:57:27.594981
2025-10-02T09:21:00,2025-10-02,2026-10-02,0.999315537303217,EUR,0.0155,468930019.0,,,CORR,,IR,NA/Swap Fxd Flt EUR,QZC55WZBKV10,1753655718,,2025-10-02T09:57:27.594981
2025-10-02T09:21:00,2025-10-02,2026-10-02,0.999315537303217,EUR,0.028,468930019.0,,,NEWT,TRAD,IR,NA/Swap Fxd Flt EUR,QZVPS03TQ1S4,1753642296,,2025-10-02T09:56:40.265081
2025-10-02T09:21:00,2025-10-02,2026-10-02,0.999315537303217,EUR,0.028,468930019.0,,,CORR,,IR,NA/Swap Fxd Flt EUR,QZVPS03TQ1S4,1753655715,,2025-10-02T09:56:40.265081
2025-10-02T09:21:00,2025-10-02,2026-10-02,0.999315537303217,EUR,0.021,468930019.0,,,CORR,,IR,NA/Swap Fxd Flt EUR,QZC55WZBKV10,1753655716,,2025-10-02T09:56:40.265081
2025-10-02T09:21:00,2025-10-02,2026-10-02,0.999315537303217,EUR,0.025,468930019.0,,,CORR,,IR,NA/Swap Fxd Flt EUR,QZC55WZBKV10,1753655717,,2025-10-02T09:56:40.265081
2025-10-02T09:21:00,2025-10-02,2026-10-02,0.999315537303217,EUR,0.0155,468930019.0,,,CORR,,IR,NA/Swap Fxd Flt EUR,QZC55WZBKV10,1753655718,,2025-10-02T09:56:40.265081
2025-10-02T09:21:00,2025-10-02,2026-10-02,0.999315537303217,EUR,0.028,468930019.0,,,NEWT,TRAD,IR,NA/Swap Fxd Flt EUR,QZVPS03TQ1S4,1753642296,,2025-10-02T09:56:40.225602
2025-10-02T09:21:00,2025-10-02,2026-10-02,0.999315537303217,EUR,0.028,468930019.0,,,CORR,,IR,NA/Swap Fxd Flt EUR,QZVPS03TQ1S4,1753655715,,2025-10-02T09:56:40.225602
2025-10-02T09:21:00,2025-10-02,2026-10-02,0.999315537303217,EUR,0.021,468930019.0,,,CORR,,IR,NA/Swap Fxd Flt EUR,QZC55WZBKV10,1753655716,,2025-10-02T09:56:40.225602
2025-10-02T09:21:00,2025-10-02,2026-10-02,0.999315537303217,EUR,0.025,468930019.0,,,CORR,,IR,NA/Swap Fxd Flt EUR,QZC55WZBKV10,1753655717,,2025-10-02T09:56:40.225602
2025-10-02T09:21:00,2025-10-02,2026-10-02,0.999315537303217,EUR,0.0155,468930019.0,,,CORR,,IR,NA/Swap Fxd Flt EUR,QZC55WZBKV10,1753655718,,2025-10-02T09:56:40.225602
2025-10-02T09:17:00,2025-10-31,2025-12-19,0.13415468856947296,JPY,0.0063625,270000000000.0,23046.1,,NEWT,TRAD,IR,JPY-TONA-OIS-COMPOUND,QZDD9XLPWW4T,1753663975,,2025-10-02T10:01:57.602442
2025-10-02T08:58:04,2028-06-21,2030-06-21,1.998631074606434,USD,0.0,550000000.0,,,NEWT,TRAD,IR,EUR-EuroSTR-COMPOUND vs USD-SOFR-COMPOUND,QZCXG7K5XJQZ,1753660974,,2025-10-02T09:56:40.265081
2025-10-02T08:58:04,2026-06-17,2027-06-17,0.999315537303217,EUR,-0.00039,840043260.0,-32.74,,NEWT,TRAD,IR,EUR-EuroSTR-COMPOUND vs USD-SOFR-COMPOUND,QZCXG7K5XJQZ,1753661627,,2025-10-02T09:56:40.265081
2025-10-02T08:58:04,2028-06-21,2030-06-21,1.998631074606434,USD,0.0,550000000.0,,,NEWT,TRAD,IR,EUR-EuroSTR-COMPOUND vs USD-SOFR-COMPOUND,QZCXG7K5XJQZ,1753660974,,2025-10-02T09:56:40.225602
2025-10-02T08:58:04,2026-06-17,2027-06-17,0.999315537303217,EUR,-0.00039,840043260.0,-32.74,,NEWT,TRAD,IR,EUR-EuroSTR-COMPOUND vs USD-SOFR-COMPOUND,QZCXG7K5XJQZ,1753661627,,2025-10-02T09:56:40.225602
2025-10-02T08:57:50,2025-10-06,2026-02-06,0.33675564681724846,CAD,-0.00088,110000000.0,-3.26,,MODI,TRAD,IR,CAD-CORRA-OIS Compound vs EUR-EuroSTR-OIS Compound,QZ99L0KLZJ2D,1753663247,PEXH;PEXH;PEXH;PEXH,2025-10-02T10:01:57.602442
2025-10-02T08:57:50,2025-10-06,2026-02-06,0.33675564681724846,CAD,-0.00088,110000000.0,-3.26,,MODI,TRAD,IR,CAD-CORRA-OIS Compound vs EUR-EuroSTR-OIS Compound,QZ99L0KLZJ2D,1753663950,PEXH;PEXH;PEXH;PEXH,2025-10-02T10:01:57.602442
2025-10-02T08:57:50,2025-10-06,2026-02-06,0.33675564681724846,CAD,-0.00088,110000000.0,-3.26,,MODI,TRAD,IR,CAD-CORRA-OIS Compound vs EUR-EuroSTR-OIS Compound,QZ99L0KLZJ2D,1753663247,PEXH;PEXH;PEXH;PEXH,2025-10-02T10:00:56.888339
2025-10-02T08:57:50,2025-10-06,2026-02-06,0.33675564681724846,CAD,-0.00088,110000000.0,-3.26,,MODI,TRAD,IR,CAD-CORRA-OIS Compound vs EUR-EuroSTR-OIS Compound,QZ99L0KLZJ2D,1753663247,PEXH;PEXH;PEXH;PEXH,2025-10-02T09:59:54.523567
2025-10-02T06:45:30,2025-10-06,2030-10-06,4.999315537303217,EUR,0.02383,75000000.0,893.5,,NEWT,TRAD,IR,EUR-EURIBOR-Reuters,QZFXR5M3KKN0,1753661925,,2025-10-02T09:58:11.127288
2025-10-02T06:30:25,2026-12-16,2027-12-16,0.999315537303217,SEK,-0.00161,2400000000.0,-386.14,,MODI,NOVA,IR,SEK-STIBOR vs USD-SOFR-OIS Compound,QZFTVXHB50N2,1753662565,PEXH;PEXH,2025-10-02T10:01:57.602442
2025-10-02T06:30:25,2026-12-16,2027-12-16,0.999315537303217,SEK,-0.00161,2400000000.0,-386.14,,MODI,NOVA,IR,SEK-STIBOR vs USD-SOFR-OIS Compound,QZFTVXHB50N2,1753662565,PEXH;PEXH,2025-10-02T10:00:56.888339
2025-10-02T06:30:25,2026-12-16,2027-12-16,0.999315537303217,SEK,-0.00161,2400000000.0,-386.14,,MODI,NOVA,IR,SEK-STIBOR vs USD-SOFR-OIS Compound,QZFTVXHB50N2,1753662565,PEXH;PEXH,2025-10-02T09:59:54.523567
2025-10-02T06:30:25,2026-12-16,2027-12-16,0.999315537303217,SEK,-0.00161,2400000000.0,-386.14,,MODI,NOVA,IR,SEK-STIBOR vs USD-SOFR-OIS Compound,QZFTVXHB50N2,1753662565,PEXH;PEXH,2025-10-02T09:58:53.361733
2025-10-01T03:39:09,2025-12-17,2035-12-17,9.998631074606434,AUD,0.0432,46000000.0,1986.93,,EROR,,IR,AUD-BBSW,QZSP34M4RS41,1753660988,,2025-10-02T09:58:53.361733
2025-10-01T03:39:09,2025-12-17,2035-12-17,9.998631074606434,AUD,0.0432,46000000.0,1986.93,,EROR,,IR,AUD-BBSW,QZSP34M4RS41,1753660988,,2025-10-02T09:58:11.127288
2025-10-01T03:39:09,2025-12-17,2035-12-17,9.998631074606434,AUD,0.0432,46000000.0,1986.93,,EROR,,IR,AUD-BBSW,QZSP34M4RS41,1753660988,,2025-10-02T09:57:27.594981
2025-10-01T03:39:09,2025-12-17,2035-12-17,9.998631074606434,AUD,0.0432,46000000.0,1986.93,,EROR,,IR,AUD-BBSW,QZSP34M4RS41,1753660988,,2025-10-02T09:56:40.265081
2025-10-01T03:39:09,2025-12-17,2035-12-17,9.998631074606434,AUD,0.0432,46000000.0,1986.93,,EROR,,IR,AUD-BBSW,QZSP34M4RS41,1753660988,,2025-10-02T09:56:40.225602
2024-09-26T15:21:12,2024-09-27,2029-09-27,4.999315537303217,USD,0.037,15000000.0,277.46,,CORR,,IR,USD-SOFR-COMPOUND,QZXQ4R16245X,1753663326,,2025-10-02T10:01:57.602442
2024-09-26T15:21:12,2024-09-27,2029-09-27,4.999315537303217,USD,0.037,15000000.0,277.46,,CORR,,IR,USD-SOFR-COMPOUND,QZXQ4R16245X,1753663326,,2025-10-02T10:00:56.888339
2024-09-26T15:21:12,2024-09-27,2029-09-27,4.999315537303217,USD,0.037,15000000.0,277.46,,CORR,,IR,USD-SOFR-COMPOUND,QZXQ4R16245X,1753663326,,2025-10-02T09:59:54.523567
2024-09-25T19:48:36,2024-09-27,2029-09-28,5.002053388090349,USD,0.037,75000000.0,1388.07,,CORR,,IR,USD-SOFR-COMPOUND,QZXQ4R16245X,1753663325,,2025-10-02T10:01:57.602442
2024-09-25T19:48:36,2024-09-27,2029-09-28,5.002053388090349,USD,0.037,75000000.0,1388.07,,CORR,,IR,USD-SOFR-COMPOUND,QZXQ4R16245X,1753663325,,2025-10-02T10:00:56.888339
2024-09-25T19:48:36,2024-09-27,2029-09-28,5.002053388090349,USD,0.037,75000000.0,1388.07,,CORR,,IR,USD-SOFR-COMPOUND,QZXQ4R16245X,1753663325,,2025-10-02T09:59:54.523567
2024-09-25T19:47:32,2024-09-27,2029-09-28,5.002053388090349,USD,0.0384,75000000.0,1440.59,,CORR,,IR,USD-SOFR-COMPOUND,QZXQ4R16245X,1753663324,,2025-10-02T10:01:57.602442
2024-09-25T19:47:32,2024-09-27,2029-09-28,5.002053388090349,USD,0.0384,75000000.0,1440.59,,CORR,,IR,USD-SOFR-COMPOUND,QZXQ4R16245X,1753663324,,2025-10-02T10:00:56.888339
2024-09-25T19:47:32,2024-09-27,2029-09-28,5.002053388090349,USD,0.0384,75000000.0,1440.59,,CORR,,IR,USD-SOFR-COMPOUND,QZXQ4R16245X,1753663324,,2025-10-02T09:59:54.523567
